{"Level":"Info","Type":"Text","Message":"Sempare templates root folder: C:\\FreelancerProjects.Demo\\Delphi\\NEOWatch\\Built\\Win32\\Debug\\Services\\NEOWatch\\..\\..\\..\\..\\Source\\WebApp\\Presentation\\Views\\Templates","Tag":0}
{"Level":"Info","Type":"Text","Message":"Sempare templates root folder: C:\\FreelancerProjects.Demo\\Delphi\\NEOWatch\\Built\\Win32\\Debug\\Services\\NEOWatch\\..\\..\\..\\..\\Source\\WebApp\\Presentation\\Views\\Templates","Tag":0}
{"Level":"Info","Type":"Text","Message":"Sempare templates root folder: C:\\FreelancerProjects.Demo\\Delphi\\NEOWatch\\Built\\Win32\\Debug\\Services\\NEOWatch\\..\\..\\..\\..\\Source\\WebApp\\Presentation\\Views\\Templates","Tag":0}
{"Level":"Info","Type":"Text","Message":"Sempare templates root folder: C:\\FreelancerProjects.Demo\\Delphi\\NEOWatch\\Built\\Win32\\Debug\\Services\\NEOWatch\\..\\..\\..\\..\\Source\\WebApp\\Presentation\\Views\\Templates","Tag":0}
{"Level":"Info","Type":"Text","Message":"Sempare templates root folder: C:\\FreelancerProjects.Demo\\Delphi\\NEOWatch\\Built\\Win32\\Debug\\Services\\NEOWatch\\..\\..\\..\\..\\Source\\WebApp\\Presentation\\Views\\Templates","Tag":0}
{"Level":"Info","Type":"Text","Message":"Sempare templates root folder: C:\\FreelancerProjects.Demo\\Delphi\\NEOWatch\\Built\\Win32\\Debug\\Services\\NEOWatch\\..\\..\\..\\..\\Source\\WebApp\\Presentation\\Views\\Templates","Tag":0}
{"Level":"Info","Type":"Text","Message":"Sempare templates root folder: C:\\FreelancerProjects.Demo\\Delphi\\NEOWatch\\Built\\Win32\\Debug\\Services\\NEOWatch\\..\\..\\..\\..\\Source\\WebApp\\Presentation\\Views\\Templates","Tag":0}
{"Level":"Info","Type":"Text","Message":"Sempare templates root folder: C:\\FreelancerProjects.Demo\\Delphi\\NEOWatch\\Source\\WebApp\\Presentation\\Views\\Templates","Tag":0}
{"Level":"Info","Type":"Text","Message":"Sempare templates root folder: C:\\FreelancerProjects.Demo\\Delphi\\NEOWatch\\Source\\WebApp\\Presentation\\Views\\Templates","Tag":0}
{"Level":"Error","Type":"Text","Message":"Error parsing Sempare template \"Dashboard.html\": Template not found: Dashboard.html","Tag":0}
{"Level":"Error","Type":"Text","Message":"Error parsing Sempare template \"Partials\\Dashboard.html\": Template not found: Partials\\Dashboard.html","Tag":0}
{"Level":"Info","Type":"Text","Message":"NASA CACHE MISS: nasa::feed::2024-01-01::2024-01-07","Tag":0}
{"Level":"Info","Type":"Text","Message":"NASA CACHE SET: nasa::feed::2024-01-01::2024-01-07","Tag":0}
{"Level":"Info","Type":"Text","Message":"NASA CACHE MISS: nasa::feed::2024-01-01::2024-01-07","Tag":0}
{"Level":"Info","Type":"Text","Message":"NASA CACHE SET: nasa::feed::2024-01-01::2024-01-07","Tag":0}
{"Level":"Info","Type":"Text","Message":"NASA CACHE MISS: nasa::feed::2024-01-01::2024-01-07","Tag":0}
{"Level":"Info","Type":"Text","Message":"NASA CACHE SET: nasa::feed::2024-01-01::2024-01-07","Tag":0}
{"Level":"Info","Type":"Text","Message":"NASA CACHE MISS: nasa::feed::2024-01-01::2024-01-07","Tag":0}
{"Level":"Info","Type":"Text","Message":"NASA CACHE MISS: nasa::feed::2024-01-01::2024-01-07","Tag":0}
{"Level":"Info","Type":"Text","Message":"NASA CACHE SET: nasa::feed::2024-01-01::2024-01-07","Tag":0}
{"Level":"Info","Type":"Text","Message":"NASA CACHE MISS: nasa::feed::2024-01-01::2024-01-07","Tag":0}
{"Level":"Info","Type":"Text","Message":"NASA CACHE SET: nasa::feed::2024-01-01::2024-01-07","Tag":0}
{"Level":"Info","Type":"Text","Message":"NASA CACHE GET START: neowatch.webapp.synchroplan::feed::2024-01-01::2024-01-07","Tag":0}
{"Level":"Info","Type":"Text","Message":"NASA CACHE GET VALUE LENGTH: neowatch.webapp.synchroplan::feed::2024-01-01::2024-01-07 -> 0","Tag":0}
{"Level":"Info","Type":"Text","Message":"NASA CACHE MISS: neowatch.webapp.synchroplan::feed::2024-01-01::2024-01-07","Tag":0}
{"Level":"Info","Type":"Text","Message":"NASA CACHE SET START: neowatch.webapp.synchroplan::feed::2024-01-01::2024-01-07. Value length: 60095","Tag":0}
{"Level":"Info","Type":"Text","Message":"NASA CACHE SET CHECK: neowatch.webapp.synchroplan::feed::2024-01-01::2024-01-07. Read back length: 60095","Tag":0}
{"Level":"Info","Type":"Text","Message":"NASA CACHE GET START: neowatch.webapp.synchroplan::feed::2024-01-01::2024-01-07","Tag":0}
{"Level":"Info","Type":"Text","Message":"NASA CACHE GET VALUE LENGTH: neowatch.webapp.synchroplan::feed::2024-01-01::2024-01-07 -> 60095","Tag":0}
{"Level":"Info","Type":"Text","Message":"NASA CACHE HIT: neowatch.webapp.synchroplan::feed::2024-01-01::2024-01-07","Tag":0}
{"Level":"Info","Type":"Text","Message":"NASA CACHE GET START: neowatch.webapp.synchroplan::asteroid::3542519","Tag":0}
{"Level":"Info","Type":"Text","Message":"NASA CACHE GET VALUE LENGTH: neowatch.webapp.synchroplan::asteroid::3542519 -> 0","Tag":0}
{"Level":"Info","Type":"Text","Message":"NASA CACHE MISS: neowatch.webapp.synchroplan::asteroid::3542519","Tag":0}
{"Level":"Info","Type":"Text","Message":"NASA CACHE SET START: neowatch.webapp.synchroplan::asteroid::3542519. Value length: 121230","Tag":0}
{"Level":"Info","Type":"Text","Message":"NASA CACHE SET CHECK: neowatch.webapp.synchroplan::asteroid::3542519. Read back length: 121230","Tag":0}
{"Level":"Info","Type":"Text","Message":"NASA CACHE GET START: neowatch.webapp.synchroplan::asteroid::3542519","Tag":0}
{"Level":"Info","Type":"Text","Message":"NASA CACHE GET VALUE LENGTH: neowatch.webapp.synchroplan::asteroid::3542519 -> 121230","Tag":0}
{"Level":"Info","Type":"Text","Message":"NASA CACHE HIT: neowatch.webapp.synchroplan::asteroid::3542519","Tag":0}
{"Level":"Info","Type":"Text","Message":"NASA CACHE GET START: neowatch.webapp.synchroplan::feed::2026-05-06::2026-05-12","Tag":0}
{"Level":"Info","Type":"Text","Message":"NASA CACHE GET VALUE LENGTH: neowatch.webapp.synchroplan::feed::2026-05-06::2026-05-12 -> 0","Tag":0}
{"Level":"Info","Type":"Text","Message":"NASA CACHE MISS: neowatch.webapp.synchroplan::feed::2026-05-06::2026-05-12","Tag":0}
{"Level":"Info","Type":"Text","Message":"NASA CACHE SET START: neowatch.webapp.synchroplan::feed::2026-05-06::2026-05-12. Value length: 60095","Tag":0}
{"Level":"Info","Type":"Text","Message":"NASA CACHE SET CHECK: neowatch.webapp.synchroplan::feed::2026-05-06::2026-05-12. Read back length: 60095","Tag":0}
{"Level":"Info","Type":"Text","Message":"NASA CACHE GET START: neowatch.webapp.synchroplan::feed::2026-05-13::2026-05-13","Tag":0}
{"Level":"Info","Type":"Text","Message":"NASA CACHE GET VALUE LENGTH: neowatch.webapp.synchroplan::feed::2026-05-13::2026-05-13 -> 0","Tag":0}
{"Level":"Info","Type":"Text","Message":"NASA CACHE MISS: neowatch.webapp.synchroplan::feed::2026-05-13::2026-05-13","Tag":0}
{"Level":"Info","Type":"Text","Message":"NASA CACHE SET START: neowatch.webapp.synchroplan::feed::2026-05-13::2026-05-13. Value length: 60095","Tag":0}
{"Level":"Info","Type":"Text","Message":"NASA CACHE SET CHECK: neowatch.webapp.synchroplan::feed::2026-05-13::2026-05-13. Read back length: 60095","Tag":0}
{"Level":"Info","Type":"Text","Message":"NASA CACHE GET START: neowatch.webapp.synchroplan::asteroid::3092303","Tag":0}
{"Level":"Info","Type":"Text","Message":"NASA CACHE GET VALUE LENGTH: neowatch.webapp.synchroplan::asteroid::3092303 -> 0","Tag":0}
{"Level":"Info","Type":"Text","Message":"NASA CACHE MISS: neowatch.webapp.synchroplan::asteroid::3092303","Tag":0}
{"Level":"Info","Type":"Text","Message":"NASA CACHE SET START: neowatch.webapp.synchroplan::asteroid::3092303. Value length: 8560","Tag":0}
{"Level":"Info","Type":"Text","Message":"NASA CACHE SET CHECK: neowatch.webapp.synchroplan::asteroid::3092303. Read back length: 8560","Tag":0}
{"Level":"Info","Type":"Text","Message":"NASA CACHE GET START: neowatch.webapp.synchroplan::feed::2024-03-01::2024-03-07","Tag":0}
{"Level":"Info","Type":"Text","Message":"NASA CACHE GET VALUE LENGTH: neowatch.webapp.synchroplan::feed::2024-03-01::2024-03-07 -> 0","Tag":0}
{"Level":"Info","Type":"Text","Message":"NASA CACHE MISS: neowatch.webapp.synchroplan::feed::2024-03-01::2024-03-07","Tag":0}
{"Level":"Info","Type":"Text","Message":"NASA CACHE SET START: neowatch.webapp.synchroplan::feed::2024-03-01::2024-03-07. Value length: 60095","Tag":0}
{"Level":"Info","Type":"Text","Message":"NASA CACHE SET CHECK: neowatch.webapp.synchroplan::feed::2024-03-01::2024-03-07. Read back length: 60095","Tag":0}
{"Level":"Info","Type":"Text","Message":"NASA CACHE GET START: neowatch.webapp.synchroplan::feed::2024-03-08::2024-03-14","Tag":0}
{"Level":"Info","Type":"Text","Message":"NASA CACHE GET VALUE LENGTH: neowatch.webapp.synchroplan::feed::2024-03-08::2024-03-14 -> 0","Tag":0}
{"Level":"Info","Type":"Text","Message":"NASA CACHE MISS: neowatch.webapp.synchroplan::feed::2024-03-08::2024-03-14","Tag":0}
{"Level":"Info","Type":"Text","Message":"NASA CACHE SET START: neowatch.webapp.synchroplan::feed::2024-03-08::2024-03-14. Value length: 60095","Tag":0}
{"Level":"Info","Type":"Text","Message":"NASA CACHE SET CHECK: neowatch.webapp.synchroplan::feed::2024-03-08::2024-03-14. Read back length: 60095","Tag":0}
{"Level":"Info","Type":"Text","Message":"NASA CACHE GET START: neowatch.webapp.synchroplan::feed::2024-03-15::2024-03-21","Tag":0}
{"Level":"Info","Type":"Text","Message":"NASA CACHE GET VALUE LENGTH: neowatch.webapp.synchroplan::feed::2024-03-15::2024-03-21 -> 0","Tag":0}
{"Level":"Info","Type":"Text","Message":"NASA CACHE MISS: neowatch.webapp.synchroplan::feed::2024-03-15::2024-03-21","Tag":0}
{"Level":"Info","Type":"Text","Message":"NASA CACHE SET START: neowatch.webapp.synchroplan::feed::2024-03-15::2024-03-21. Value length: 60095","Tag":0}
{"Level":"Info","Type":"Text","Message":"NASA CACHE SET CHECK: neowatch.webapp.synchroplan::feed::2024-03-15::2024-03-21. Read back length: 60095","Tag":0}
{"Level":"Info","Type":"Text","Message":"NASA CACHE GET START: neowatch.webapp.synchroplan::feed::2024-03-22::2024-03-28","Tag":0}
{"Level":"Info","Type":"Text","Message":"NASA CACHE GET VALUE LENGTH: neowatch.webapp.synchroplan::feed::2024-03-22::2024-03-28 -> 0","Tag":0}
{"Level":"Info","Type":"Text","Message":"NASA CACHE MISS: neowatch.webapp.synchroplan::feed::2024-03-22::2024-03-28","Tag":0}
{"Level":"Info","Type":"Text","Message":"NASA CACHE SET START: neowatch.webapp.synchroplan::feed::2024-03-22::2024-03-28. Value length: 60095","Tag":0}
{"Level":"Info","Type":"Text","Message":"NASA CACHE SET CHECK: neowatch.webapp.synchroplan::feed::2024-03-22::2024-03-28. Read back length: 60095","Tag":0}
{"Level":"Info","Type":"Text","Message":"NASA CACHE GET START: neowatch.webapp.synchroplan::feed::2024-03-29::2024-04-04","Tag":0}
{"Level":"Info","Type":"Text","Message":"NASA CACHE GET VALUE LENGTH: neowatch.webapp.synchroplan::feed::2024-03-29::2024-04-04 -> 0","Tag":0}
{"Level":"Info","Type":"Text","Message":"NASA CACHE MISS: neowatch.webapp.synchroplan::feed::2024-03-29::2024-04-04","Tag":0}
{"Level":"Info","Type":"Text","Message":"NASA CACHE SET START: neowatch.webapp.synchroplan::feed::2024-03-29::2024-04-04. Value length: 60095","Tag":0}
{"Level":"Info","Type":"Text","Message":"NASA CACHE SET CHECK: neowatch.webapp.synchroplan::feed::2024-03-29::2024-04-04. Read back length: 60095","Tag":0}
{"Level":"Info","Type":"Text","Message":"NASA CACHE GET START: neowatch.webapp.synchroplan::feed::2024-04-05::2024-04-11","Tag":0}
{"Level":"Info","Type":"Text","Message":"NASA CACHE GET VALUE LENGTH: neowatch.webapp.synchroplan::feed::2024-04-05::2024-04-11 -> 0","Tag":0}
{"Level":"Info","Type":"Text","Message":"NASA CACHE MISS: neowatch.webapp.synchroplan::feed::2024-04-05::2024-04-11","Tag":0}
{"Level":"Info","Type":"Text","Message":"NASA CACHE SET START: neowatch.webapp.synchroplan::feed::2024-04-05::2024-04-11. Value length: 60095","Tag":0}
{"Level":"Info","Type":"Text","Message":"NASA CACHE SET CHECK: neowatch.webapp.synchroplan::feed::2024-04-05::2024-04-11. Read back length: 60095","Tag":0}
{"Level":"Info","Type":"Text","Message":"NASA CACHE GET START: neowatch.webapp.synchroplan::feed::2024-04-12::2024-04-18","Tag":0}
{"Level":"Info","Type":"Text","Message":"NASA CACHE GET VALUE LENGTH: neowatch.webapp.synchroplan::feed::2024-04-12::2024-04-18 -> 0","Tag":0}
{"Level":"Info","Type":"Text","Message":"NASA CACHE MISS: neowatch.webapp.synchroplan::feed::2024-04-12::2024-04-18","Tag":0}
{"Level":"Info","Type":"Text","Message":"NASA CACHE SET START: neowatch.webapp.synchroplan::feed::2024-04-12::2024-04-18. Value length: 60095","Tag":0}
{"Level":"Info","Type":"Text","Message":"NASA CACHE SET CHECK: neowatch.webapp.synchroplan::feed::2024-04-12::2024-04-18. Read back length: 60095","Tag":0}
{"Level":"Info","Type":"Text","Message":"NASA CACHE GET START: neowatch.webapp.synchroplan::feed::2024-04-19::2024-04-25","Tag":0}
{"Level":"Info","Type":"Text","Message":"NASA CACHE GET VALUE LENGTH: neowatch.webapp.synchroplan::feed::2024-04-19::2024-04-25 -> 0","Tag":0}
{"Level":"Info","Type":"Text","Message":"NASA CACHE MISS: neowatch.webapp.synchroplan::feed::2024-04-19::2024-04-25","Tag":0}
{"Level":"Info","Type":"Text","Message":"NASA CACHE SET START: neowatch.webapp.synchroplan::feed::2024-04-19::2024-04-25. Value length: 60095","Tag":0}
{"Level":"Info","Type":"Text","Message":"NASA CACHE SET CHECK: neowatch.webapp.synchroplan::feed::2024-04-19::2024-04-25. Read back length: 60095","Tag":0}
{"Level":"Info","Type":"Text","Message":"NASA CACHE GET START: neowatch.webapp.synchroplan::feed::2024-04-26::2024-05-01","Tag":0}
{"Level":"Info","Type":"Text","Message":"NASA CACHE GET VALUE LENGTH: neowatch.webapp.synchroplan::feed::2024-04-26::2024-05-01 -> 0","Tag":0}
{"Level":"Info","Type":"Text","Message":"NASA CACHE MISS: neowatch.webapp.synchroplan::feed::2024-04-26::2024-05-01","Tag":0}
{"Level":"Info","Type":"Text","Message":"NASA CACHE SET START: neowatch.webapp.synchroplan::feed::2024-04-26::2024-05-01. Value length: 60095","Tag":0}
{"Level":"Info","Type":"Text","Message":"NASA CACHE SET CHECK: neowatch.webapp.synchroplan::feed::2024-04-26::2024-05-01. Read back length: 60095","Tag":0}
{"Level":"Info","Type":"Text","Message":"NASA CACHE GET START: neowatch.webapp.synchroplan::feed::2024-03-01::2024-03-07","Tag":0}
{"Level":"Info","Type":"Text","Message":"NASA CACHE GET VALUE LENGTH: neowatch.webapp.synchroplan::feed::2024-03-01::2024-03-07 -> 60095","Tag":0}
{"Level":"Info","Type":"Text","Message":"NASA CACHE HIT: neowatch.webapp.synchroplan::feed::2024-03-01::2024-03-07","Tag":0}
{"Level":"Info","Type":"Text","Message":"NASA CACHE GET START: neowatch.webapp.synchroplan::feed::2024-03-08::2024-03-14","Tag":0}
{"Level":"Info","Type":"Text","Message":"NASA CACHE GET VALUE LENGTH: neowatch.webapp.synchroplan::feed::2024-03-08::2024-03-14 -> 60095","Tag":0}
{"Level":"Info","Type":"Text","Message":"NASA CACHE HIT: neowatch.webapp.synchroplan::feed::2024-03-08::2024-03-14","Tag":0}
{"Level":"Info","Type":"Text","Message":"NASA CACHE GET START: neowatch.webapp.synchroplan::feed::2024-03-15::2024-03-21","Tag":0}
{"Level":"Info","Type":"Text","Message":"NASA CACHE GET VALUE LENGTH: neowatch.webapp.synchroplan::feed::2024-03-15::2024-03-21 -> 60095","Tag":0}
{"Level":"Info","Type":"Text","Message":"NASA CACHE HIT: neowatch.webapp.synchroplan::feed::2024-03-15::2024-03-21","Tag":0}
{"Level":"Info","Type":"Text","Message":"NASA CACHE GET START: neowatch.webapp.synchroplan::feed::2024-03-22::2024-03-28","Tag":0}
{"Level":"Info","Type":"Text","Message":"NASA CACHE GET VALUE LENGTH: neowatch.webapp.synchroplan::feed::2024-03-22::2024-03-28 -> 60095","Tag":0}
{"Level":"Info","Type":"Text","Message":"NASA CACHE HIT: neowatch.webapp.synchroplan::feed::2024-03-22::2024-03-28","Tag":0}
{"Level":"Info","Type":"Text","Message":"NASA CACHE GET START: neowatch.webapp.synchroplan::feed::2024-03-29::2024-04-04","Tag":0}
{"Level":"Info","Type":"Text","Message":"NASA CACHE GET VALUE LENGTH: neowatch.webapp.synchroplan::feed::2024-03-29::2024-04-04 -> 60095","Tag":0}
{"Level":"Info","Type":"Text","Message":"NASA CACHE HIT: neowatch.webapp.synchroplan::feed::2024-03-29::2024-04-04","Tag":0}
{"Level":"Info","Type":"Text","Message":"NASA CACHE GET START: neowatch.webapp.synchroplan::feed::2024-04-05::2024-04-11","Tag":0}
{"Level":"Info","Type":"Text","Message":"NASA CACHE GET VALUE LENGTH: neowatch.webapp.synchroplan::feed::2024-04-05::2024-04-11 -> 60095","Tag":0}
{"Level":"Info","Type":"Text","Message":"NASA CACHE HIT: neowatch.webapp.synchroplan::feed::2024-04-05::2024-04-11","Tag":0}
{"Level":"Info","Type":"Text","Message":"NASA CACHE GET START: neowatch.webapp.synchroplan::feed::2024-04-12::2024-04-18","Tag":0}
{"Level":"Info","Type":"Text","Message":"NASA CACHE GET VALUE LENGTH: neowatch.webapp.synchroplan::feed::2024-04-12::2024-04-18 -> 60095","Tag":0}
{"Level":"Info","Type":"Text","Message":"NASA CACHE HIT: neowatch.webapp.synchroplan::feed::2024-04-12::2024-04-18","Tag":0}
{"Level":"Info","Type":"Text","Message":"NASA CACHE GET START: neowatch.webapp.synchroplan::feed::2024-04-19::2024-04-25","Tag":0}
{"Level":"Info","Type":"Text","Message":"NASA CACHE GET VALUE LENGTH: neowatch.webapp.synchroplan::feed::2024-04-19::2024-04-25 -> 60095","Tag":0}
{"Level":"Info","Type":"Text","Message":"NASA CACHE HIT: neowatch.webapp.synchroplan::feed::2024-04-19::2024-04-25","Tag":0}
{"Level":"Info","Type":"Text","Message":"NASA CACHE GET START: neowatch.webapp.synchroplan::feed::2024-04-26::2024-05-01","Tag":0}
{"Level":"Info","Type":"Text","Message":"NASA CACHE GET VALUE LENGTH: neowatch.webapp.synchroplan::feed::2024-04-26::2024-05-01 -> 60095","Tag":0}
{"Level":"Info","Type":"Text","Message":"NASA CACHE HIT: neowatch.webapp.synchroplan::feed::2024-04-26::2024-05-01","Tag":0}
{"Level":"Info","Type":"Text","Message":"NASA CACHE GET START: neowatch.webapp.synchroplan::asteroid::3092303","Tag":0}
{"Level":"Info","Type":"Text","Message":"NASA CACHE GET VALUE LENGTH: neowatch.webapp.synchroplan::asteroid::3092303 -> 8560","Tag":0}
{"Level":"Info","Type":"Text","Message":"NASA CACHE HIT: neowatch.webapp.synchroplan::asteroid::3092303","Tag":0}
{"Level":"Info","Type":"Text","Message":"NASA CACHE GET START: neowatch.webapp.synchroplan::feed::2026-05-08::2026-05-14","Tag":0}
{"Level":"Info","Type":"Text","Message":"NASA CACHE GET VALUE LENGTH: neowatch.webapp.synchroplan::feed::2026-05-08::2026-05-14 -> 0","Tag":0}
{"Level":"Info","Type":"Text","Message":"NASA CACHE MISS: neowatch.webapp.synchroplan::feed::2026-05-08::2026-05-14","Tag":0}
{"Level":"Info","Type":"Text","Message":"NASA CACHE SET START: neowatch.webapp.synchroplan::feed::2026-05-08::2026-05-14. Value length: 55385","Tag":0}
{"Level":"Info","Type":"Text","Message":"NASA CACHE SET CHECK: neowatch.webapp.synchroplan::feed::2026-05-08::2026-05-14. Read back length: 55385","Tag":0}
{"Level":"Info","Type":"Text","Message":"NASA CACHE GET START: neowatch.webapp.synchroplan::feed::2026-05-15::2026-05-15","Tag":0}
{"Level":"Info","Type":"Text","Message":"NASA CACHE GET VALUE LENGTH: neowatch.webapp.synchroplan::feed::2026-05-15::2026-05-15 -> 0","Tag":0}
{"Level":"Info","Type":"Text","Message":"NASA CACHE MISS: neowatch.webapp.synchroplan::feed::2026-05-15::2026-05-15","Tag":0}
{"Level":"Info","Type":"Text","Message":"NASA CACHE SET START: neowatch.webapp.synchroplan::feed::2026-05-15::2026-05-15. Value length: 55385","Tag":0}
{"Level":"Info","Type":"Text","Message":"NASA CACHE SET CHECK: neowatch.webapp.synchroplan::feed::2026-05-15::2026-05-15. Read back length: 55385","Tag":0}
{"Level":"Info","Type":"Text","Message":"NASA CACHE GET START: neowatch.webapp.synchroplan::asteroid::3733939","Tag":0}
{"Level":"Info","Type":"Text","Message":"NASA CACHE GET VALUE LENGTH: neowatch.webapp.synchroplan::asteroid::3733939 -> 0","Tag":0}
{"Level":"Info","Type":"Text","Message":"NASA CACHE MISS: neowatch.webapp.synchroplan::asteroid::3733939","Tag":0}
{"Level":"Info","Type":"Text","Message":"NASA CACHE SET START: neowatch.webapp.synchroplan::asteroid::3733939. Value length: 5185","Tag":0}
{"Level":"Info","Type":"Text","Message":"NASA CACHE SET CHECK: neowatch.webapp.synchroplan::asteroid::3733939. Read back length: 5185","Tag":0}
{"Level":"Info","Type":"Text","Message":"NASA CACHE GET START: neowatch.webapp.synchroplan::feed::2026-05-08::2026-05-14","Tag":0}
{"Level":"Info","Type":"Text","Message":"NASA CACHE GET VALUE LENGTH: neowatch.webapp.synchroplan::feed::2026-05-08::2026-05-14 -> 55385","Tag":0}
{"Level":"Info","Type":"Text","Message":"NASA CACHE HIT: neowatch.webapp.synchroplan::feed::2026-05-08::2026-05-14","Tag":0}
{"Level":"Info","Type":"Text","Message":"NASA CACHE GET START: neowatch.webapp.synchroplan::feed::2026-05-15::2026-05-15","Tag":0}
{"Level":"Info","Type":"Text","Message":"NASA CACHE GET VALUE LENGTH: neowatch.webapp.synchroplan::feed::2026-05-15::2026-05-15 -> 55385","Tag":0}
{"Level":"Info","Type":"Text","Message":"NASA CACHE HIT: neowatch.webapp.synchroplan::feed::2026-05-15::2026-05-15","Tag":0}
{"Level":"Info","Type":"Text","Message":"NASA CACHE GET START: neowatch.webapp.synchroplan::feed::2026-05-08::2026-05-14","Tag":0}
{"Level":"Info","Type":"Text","Message":"NASA CACHE GET VALUE LENGTH: neowatch.webapp.synchroplan::feed::2026-05-08::2026-05-14 -> 55385","Tag":0}
{"Level":"Info","Type":"Text","Message":"NASA CACHE HIT: neowatch.webapp.synchroplan::feed::2026-05-08::2026-05-14","Tag":0}
{"Level":"Info","Type":"Text","Message":"NASA CACHE GET START: neowatch.webapp.synchroplan::feed::2026-05-15::2026-05-15","Tag":0}
{"Level":"Info","Type":"Text","Message":"NASA CACHE GET VALUE LENGTH: neowatch.webapp.synchroplan::feed::2026-05-15::2026-05-15 -> 55385","Tag":0}
{"Level":"Info","Type":"Text","Message":"NASA CACHE HIT: neowatch.webapp.synchroplan::feed::2026-05-15::2026-05-15","Tag":0}
{"Level":"Info","Type":"Text","Message":"NASA CACHE GET START: neowatch.webapp.synchroplan::feed::2026-05-08::2026-05-14","Tag":0}
{"Level":"Info","Type":"Text","Message":"NASA CACHE GET VALUE LENGTH: neowatch.webapp.synchroplan::feed::2026-05-08::2026-05-14 -> 55385","Tag":0}
{"Level":"Info","Type":"Text","Message":"NASA CACHE HIT: neowatch.webapp.synchroplan::feed::2026-05-08::2026-05-14","Tag":0}
{"Level":"Info","Type":"Text","Message":"NASA CACHE GET START: neowatch.webapp.synchroplan::feed::2026-05-15::2026-05-15","Tag":0}
{"Level":"Info","Type":"Text","Message":"NASA CACHE GET VALUE LENGTH: neowatch.webapp.synchroplan::feed::2026-05-15::2026-05-15 -> 55385","Tag":0}
{"Level":"Info","Type":"Text","Message":"NASA CACHE HIT: neowatch.webapp.synchroplan::feed::2026-05-15::2026-05-15","Tag":0}
{"Level":"Info","Type":"Text","Message":"NASA CACHE GET START: neowatch.webapp.synchroplan::feed::2026-05-08::2026-05-14","Tag":0}
{"Level":"Info","Type":"Text","Message":"NASA CACHE GET VALUE LENGTH: neowatch.webapp.synchroplan::feed::2026-05-08::2026-05-14 -> 55385","Tag":0}
{"Level":"Info","Type":"Text","Message":"NASA CACHE HIT: neowatch.webapp.synchroplan::feed::2026-05-08::2026-05-14","Tag":0}
{"Level":"Info","Type":"Text","Message":"NASA CACHE GET START: neowatch.webapp.synchroplan::feed::2026-05-15::2026-05-15","Tag":0}
{"Level":"Info","Type":"Text","Message":"NASA CACHE GET VALUE LENGTH: neowatch.webapp.synchroplan::feed::2026-05-15::2026-05-15 -> 55385","Tag":0}
{"Level":"Info","Type":"Text","Message":"NASA CACHE HIT: neowatch.webapp.synchroplan::feed::2026-05-15::2026-05-15","Tag":0}
{"Level":"Info","Type":"Text","Message":"NASA CACHE GET START: neowatch.webapp.synchroplan::feed::2026-05-08::2026-05-14","Tag":0}
{"Level":"Info","Type":"Text","Message":"NASA CACHE GET VALUE LENGTH: neowatch.webapp.synchroplan::feed::2026-05-08::2026-05-14 -> 55385","Tag":0}
{"Level":"Info","Type":"Text","Message":"NASA CACHE HIT: neowatch.webapp.synchroplan::feed::2026-05-08::2026-05-14","Tag":0}
{"Level":"Info","Type":"Text","Message":"NASA CACHE GET START: neowatch.webapp.synchroplan::feed::2026-05-15::2026-05-15","Tag":0}
{"Level":"Info","Type":"Text","Message":"NASA CACHE GET VALUE LENGTH: neowatch.webapp.synchroplan::feed::2026-05-15::2026-05-15 -> 55385","Tag":0}
{"Level":"Info","Type":"Text","Message":"NASA CACHE HIT: neowatch.webapp.synchroplan::feed::2026-05-15::2026-05-15","Tag":0}
{"Level":"Info","Type":"Text","Message":"NASA CACHE GET START: neowatch.webapp.synchroplan::feed::2026-05-08::2026-05-14","Tag":0}
{"Level":"Info","Type":"Text","Message":"NASA CACHE GET VALUE LENGTH: neowatch.webapp.synchroplan::feed::2026-05-08::2026-05-14 -> 55385","Tag":0}
{"Level":"Info","Type":"Text","Message":"NASA CACHE HIT: neowatch.webapp.synchroplan::feed::2026-05-08::2026-05-14","Tag":0}
{"Level":"Info","Type":"Text","Message":"NASA CACHE GET START: neowatch.webapp.synchroplan::feed::2026-05-15::2026-05-15","Tag":0}
{"Level":"Info","Type":"Text","Message":"NASA CACHE GET VALUE LENGTH: neowatch.webapp.synchroplan::feed::2026-05-15::2026-05-15 -> 55385","Tag":0}
{"Level":"Info","Type":"Text","Message":"NASA CACHE HIT: neowatch.webapp.synchroplan::feed::2026-05-15::2026-05-15","Tag":0}
{"Level":"Info","Type":"Text","Message":"NASA CACHE GET START: neowatch.webapp.synchroplan::feed::2026-05-08::2026-05-14","Tag":0}
{"Level":"Info","Type":"Text","Message":"NASA CACHE GET VALUE LENGTH: neowatch.webapp.synchroplan::feed::2026-05-08::2026-05-14 -> 55385","Tag":0}
{"Level":"Info","Type":"Text","Message":"NASA CACHE HIT: neowatch.webapp.synchroplan::feed::2026-05-08::2026-05-14","Tag":0}
{"Level":"Info","Type":"Text","Message":"NASA CACHE GET START: neowatch.webapp.synchroplan::feed::2026-05-15::2026-05-15","Tag":0}
{"Level":"Info","Type":"Text","Message":"NASA CACHE GET VALUE LENGTH: neowatch.webapp.synchroplan::feed::2026-05-15::2026-05-15 -> 55385","Tag":0}
{"Level":"Info","Type":"Text","Message":"NASA CACHE HIT: neowatch.webapp.synchroplan::feed::2026-05-15::2026-05-15","Tag":0}
{"Level":"Info","Type":"Text","Message":"NASA CACHE GET START: neowatch.webapp.synchroplan::feed::2026-05-08::2026-05-14","Tag":0}
{"Level":"Info","Type":"Text","Message":"NASA CACHE GET VALUE LENGTH: neowatch.webapp.synchroplan::feed::2026-05-08::2026-05-14 -> 55385","Tag":0}
{"Level":"Info","Type":"Text","Message":"NASA CACHE HIT: neowatch.webapp.synchroplan::feed::2026-05-08::2026-05-14","Tag":0}
{"Level":"Info","Type":"Text","Message":"NASA CACHE GET START: neowatch.webapp.synchroplan::feed::2026-05-15::2026-05-15","Tag":0}
{"Level":"Info","Type":"Text","Message":"NASA CACHE GET VALUE LENGTH: neowatch.webapp.synchroplan::feed::2026-05-15::2026-05-15 -> 55385","Tag":0}
{"Level":"Info","Type":"Text","Message":"NASA CACHE HIT: neowatch.webapp.synchroplan::feed::2026-05-15::2026-05-15","Tag":0}
{"Level":"Info","Type":"Text","Message":"NASA CACHE GET START: neowatch.webapp.synchroplan::feed::2026-05-08::2026-05-14","Tag":0}
{"Level":"Info","Type":"Text","Message":"NASA CACHE GET VALUE LENGTH: neowatch.webapp.synchroplan::feed::2026-05-08::2026-05-14 -> 55385","Tag":0}
{"Level":"Info","Type":"Text","Message":"NASA CACHE HIT: neowatch.webapp.synchroplan::feed::2026-05-08::2026-05-14","Tag":0}
{"Level":"Info","Type":"Text","Message":"NASA CACHE GET START: neowatch.webapp.synchroplan::feed::2026-05-15::2026-05-15","Tag":0}
{"Level":"Info","Type":"Text","Message":"NASA CACHE GET VALUE LENGTH: neowatch.webapp.synchroplan::feed::2026-05-15::2026-05-15 -> 55385","Tag":0}
{"Level":"Info","Type":"Text","Message":"NASA CACHE HIT: neowatch.webapp.synchroplan::feed::2026-05-15::2026-05-15","Tag":0}
{"Level":"Info","Type":"Text","Message":"NASA CACHE GET START: neowatch.webapp.synchroplan::feed::2026-05-08::2026-05-14","Tag":0}
{"Level":"Info","Type":"Text","Message":"NASA CACHE GET VALUE LENGTH: neowatch.webapp.synchroplan::feed::2026-05-08::2026-05-14 -> 55385","Tag":0}
{"Level":"Info","Type":"Text","Message":"NASA CACHE HIT: neowatch.webapp.synchroplan::feed::2026-05-08::2026-05-14","Tag":0}
{"Level":"Info","Type":"Text","Message":"NASA CACHE GET START: neowatch.webapp.synchroplan::feed::2026-05-15::2026-05-15","Tag":0}
{"Level":"Info","Type":"Text","Message":"NASA CACHE GET VALUE LENGTH: neowatch.webapp.synchroplan::feed::2026-05-15::2026-05-15 -> 55385","Tag":0}
{"Level":"Info","Type":"Text","Message":"NASA CACHE HIT: neowatch.webapp.synchroplan::feed::2026-05-15::2026-05-15","Tag":0}
{"Level":"Info","Type":"Text","Message":"NASA CACHE GET START: neowatch.webapp.synchroplan::feed::2026-05-08::2026-05-14","Tag":0}
{"Level":"Info","Type":"Text","Message":"NASA CACHE GET VALUE LENGTH: neowatch.webapp.synchroplan::feed::2026-05-08::2026-05-14 -> 55385","Tag":0}
{"Level":"Info","Type":"Text","Message":"NASA CACHE HIT: neowatch.webapp.synchroplan::feed::2026-05-08::2026-05-14","Tag":0}
{"Level":"Info","Type":"Text","Message":"NASA CACHE GET START: neowatch.webapp.synchroplan::feed::2026-05-15::2026-05-15","Tag":0}
{"Level":"Info","Type":"Text","Message":"NASA CACHE GET VALUE LENGTH: neowatch.webapp.synchroplan::feed::2026-05-15::2026-05-15 -> 55385","Tag":0}
{"Level":"Info","Type":"Text","Message":"NASA CACHE HIT: neowatch.webapp.synchroplan::feed::2026-05-15::2026-05-15","Tag":0}
{"Level":"Info","Type":"Text","Message":"NASA CACHE GET START: neowatch.webapp.synchroplan::feed::2026-05-08::2026-05-14","Tag":0}
{"Level":"Info","Type":"Text","Message":"NASA CACHE GET VALUE LENGTH: neowatch.webapp.synchroplan::feed::2026-05-08::2026-05-14 -> 55385","Tag":0}
{"Level":"Info","Type":"Text","Message":"NASA CACHE HIT: neowatch.webapp.synchroplan::feed::2026-05-08::2026-05-14","Tag":0}
{"Level":"Info","Type":"Text","Message":"NASA CACHE GET START: neowatch.webapp.synchroplan::feed::2026-05-15::2026-05-15","Tag":0}
{"Level":"Info","Type":"Text","Message":"NASA CACHE GET VALUE LENGTH: neowatch.webapp.synchroplan::feed::2026-05-15::2026-05-15 -> 55385","Tag":0}
{"Level":"Info","Type":"Text","Message":"NASA CACHE HIT: neowatch.webapp.synchroplan::feed::2026-05-15::2026-05-15","Tag":0}
{"Level":"Info","Type":"Text","Message":"NASA CACHE GET START: neowatch.webapp.synchroplan::feed::2026-05-08::2026-05-14","Tag":0}
{"Level":"Info","Type":"Text","Message":"NASA CACHE GET VALUE LENGTH: neowatch.webapp.synchroplan::feed::2026-05-08::2026-05-14 -> 55385","Tag":0}
{"Level":"Info","Type":"Text","Message":"NASA CACHE HIT: neowatch.webapp.synchroplan::feed::2026-05-08::2026-05-14","Tag":0}
{"Level":"Info","Type":"Text","Message":"NASA CACHE GET START: neowatch.webapp.synchroplan::feed::2026-05-15::2026-05-15","Tag":0}
{"Level":"Info","Type":"Text","Message":"NASA CACHE GET VALUE LENGTH: neowatch.webapp.synchroplan::feed::2026-05-15::2026-05-15 -> 55385","Tag":0}
{"Level":"Info","Type":"Text","Message":"NASA CACHE HIT: neowatch.webapp.synchroplan::feed::2026-05-15::2026-05-15","Tag":0}
{"Level":"Info","Type":"Text","Message":"NASA CACHE GET START: neowatch.webapp.synchroplan::feed::2026-05-08::2026-05-14","Tag":0}
{"Level":"Info","Type":"Text","Message":"NASA CACHE GET VALUE LENGTH: neowatch.webapp.synchroplan::feed::2026-05-08::2026-05-14 -> 55385","Tag":0}
{"Level":"Info","Type":"Text","Message":"NASA CACHE HIT: neowatch.webapp.synchroplan::feed::2026-05-08::2026-05-14","Tag":0}
{"Level":"Info","Type":"Text","Message":"NASA CACHE GET START: neowatch.webapp.synchroplan::feed::2026-05-15::2026-05-15","Tag":0}
{"Level":"Info","Type":"Text","Message":"NASA CACHE GET VALUE LENGTH: neowatch.webapp.synchroplan::feed::2026-05-15::2026-05-15 -> 55385","Tag":0}
{"Level":"Info","Type":"Text","Message":"NASA CACHE HIT: neowatch.webapp.synchroplan::feed::2026-05-15::2026-05-15","Tag":0}
{"Level":"Info","Type":"Text","Message":"NASA CACHE GET START: neowatch.webapp.synchroplan::feed::2026-05-08::2026-05-14","Tag":0}
{"Level":"Info","Type":"Text","Message":"NASA CACHE GET VALUE LENGTH: neowatch.webapp.synchroplan::feed::2026-05-08::2026-05-14 -> 55385","Tag":0}
{"Level":"Info","Type":"Text","Message":"NASA CACHE HIT: neowatch.webapp.synchroplan::feed::2026-05-08::2026-05-14","Tag":0}
{"Level":"Info","Type":"Text","Message":"NASA CACHE GET START: neowatch.webapp.synchroplan::feed::2026-05-15::2026-05-15","Tag":0}
{"Level":"Info","Type":"Text","Message":"NASA CACHE GET VALUE LENGTH: neowatch.webapp.synchroplan::feed::2026-05-15::2026-05-15 -> 55385","Tag":0}
{"Level":"Info","Type":"Text","Message":"NASA CACHE HIT: neowatch.webapp.synchroplan::feed::2026-05-15::2026-05-15","Tag":0}
{"Level":"Info","Type":"Text","Message":"NASA CACHE GET START: neowatch.webapp.synchroplan::feed::2026-05-08::2026-05-14","Tag":0}
{"Level":"Info","Type":"Text","Message":"NASA CACHE GET VALUE LENGTH: neowatch.webapp.synchroplan::feed::2026-05-08::2026-05-14 -> 55385","Tag":0}
{"Level":"Info","Type":"Text","Message":"NASA CACHE HIT: neowatch.webapp.synchroplan::feed::2026-05-08::2026-05-14","Tag":0}
{"Level":"Info","Type":"Text","Message":"NASA CACHE GET START: neowatch.webapp.synchroplan::feed::2026-05-15::2026-05-15","Tag":0}
{"Level":"Info","Type":"Text","Message":"NASA CACHE GET VALUE LENGTH: neowatch.webapp.synchroplan::feed::2026-05-15::2026-05-15 -> 55385","Tag":0}
{"Level":"Info","Type":"Text","Message":"NASA CACHE HIT: neowatch.webapp.synchroplan::feed::2026-05-15::2026-05-15","Tag":0}
{"Level":"Info","Type":"Text","Message":"NASA CACHE GET START: neowatch.webapp.synchroplan::asteroid::3733939","Tag":0}
{"Level":"Info","Type":"Text","Message":"NASA CACHE GET VALUE LENGTH: neowatch.webapp.synchroplan::asteroid::3733939 -> 5185","Tag":0}
{"Level":"Info","Type":"Text","Message":"NASA CACHE HIT: neowatch.webapp.synchroplan::asteroid::3733939","Tag":0}
{"Level":"Info","Type":"Text","Message":"NASA CACHE GET START: neowatch.webapp.synchroplan::feed::2026-05-08::2026-05-14","Tag":0}
{"Level":"Info","Type":"Text","Message":"NASA CACHE GET VALUE LENGTH: neowatch.webapp.synchroplan::feed::2026-05-08::2026-05-14 -> 55385","Tag":0}
{"Level":"Info","Type":"Text","Message":"NASA CACHE HIT: neowatch.webapp.synchroplan::feed::2026-05-08::2026-05-14","Tag":0}
{"Level":"Info","Type":"Text","Message":"NASA CACHE GET START: neowatch.webapp.synchroplan::feed::2026-05-15::2026-05-15","Tag":0}
{"Level":"Info","Type":"Text","Message":"NASA CACHE GET VALUE LENGTH: neowatch.webapp.synchroplan::feed::2026-05-15::2026-05-15 -> 55385","Tag":0}
{"Level":"Info","Type":"Text","Message":"NASA CACHE HIT: neowatch.webapp.synchroplan::feed::2026-05-15::2026-05-15","Tag":0}
{"Level":"Info","Type":"Text","Message":"NASA CACHE GET START: neowatch.webapp.synchroplan::asteroid::3733939","Tag":0}
{"Level":"Info","Type":"Text","Message":"NASA CACHE GET VALUE LENGTH: neowatch.webapp.synchroplan::asteroid::3733939 -> 5185","Tag":0}
{"Level":"Info","Type":"Text","Message":"NASA CACHE HIT: neowatch.webapp.synchroplan::asteroid::3733939","Tag":0}
{"Level":"Info","Type":"Text","Message":"NASA CACHE GET START: neowatch.webapp.synchroplan::feed::2026-05-08::2026-05-14","Tag":0}
{"Level":"Info","Type":"Text","Message":"NASA CACHE GET VALUE LENGTH: neowatch.webapp.synchroplan::feed::2026-05-08::2026-05-14 -> 55385","Tag":0}
{"Level":"Info","Type":"Text","Message":"NASA CACHE HIT: neowatch.webapp.synchroplan::feed::2026-05-08::2026-05-14","Tag":0}
{"Level":"Info","Type":"Text","Message":"NASA CACHE GET START: neowatch.webapp.synchroplan::feed::2026-05-15::2026-05-15","Tag":0}
{"Level":"Info","Type":"Text","Message":"NASA CACHE GET VALUE LENGTH: neowatch.webapp.synchroplan::feed::2026-05-15::2026-05-15 -> 55385","Tag":0}
{"Level":"Info","Type":"Text","Message":"NASA CACHE HIT: neowatch.webapp.synchroplan::feed::2026-05-15::2026-05-15","Tag":0}
{"Level":"Info","Type":"Text","Message":"NASA CACHE GET START: neowatch.webapp.synchroplan::feed::2026-05-08::2026-05-14","Tag":0}
{"Level":"Info","Type":"Text","Message":"NASA CACHE GET VALUE LENGTH: neowatch.webapp.synchroplan::feed::2026-05-08::2026-05-14 -> 55385","Tag":0}
{"Level":"Info","Type":"Text","Message":"NASA CACHE HIT: neowatch.webapp.synchroplan::feed::2026-05-08::2026-05-14","Tag":0}
{"Level":"Info","Type":"Text","Message":"NASA CACHE GET START: neowatch.webapp.synchroplan::feed::2026-05-15::2026-05-15","Tag":0}
{"Level":"Info","Type":"Text","Message":"NASA CACHE GET VALUE LENGTH: neowatch.webapp.synchroplan::feed::2026-05-15::2026-05-15 -> 55385","Tag":0}
{"Level":"Info","Type":"Text","Message":"NASA CACHE HIT: neowatch.webapp.synchroplan::feed::2026-05-15::2026-05-15","Tag":0}
{"Level":"Info","Type":"Text","Message":"NASA CACHE GET START: neowatch.webapp.synchroplan::feed::2026-05-08::2026-05-14","Tag":0}
{"Level":"Info","Type":"Text","Message":"NASA CACHE GET VALUE LENGTH: neowatch.webapp.synchroplan::feed::2026-05-08::2026-05-14 -> 55385","Tag":0}
{"Level":"Info","Type":"Text","Message":"NASA CACHE HIT: neowatch.webapp.synchroplan::feed::2026-05-08::2026-05-14","Tag":0}
{"Level":"Info","Type":"Text","Message":"NASA CACHE GET START: neowatch.webapp.synchroplan::feed::2026-05-15::2026-05-15","Tag":0}
{"Level":"Info","Type":"Text","Message":"NASA CACHE GET VALUE LENGTH: neowatch.webapp.synchroplan::feed::2026-05-15::2026-05-15 -> 55385","Tag":0}
{"Level":"Info","Type":"Text","Message":"NASA CACHE HIT: neowatch.webapp.synchroplan::feed::2026-05-15::2026-05-15","Tag":0}
{"Level":"Info","Type":"Text","Message":"NASA CACHE GET START: neowatch.webapp.synchroplan::feed::2026-05-08::2026-05-14","Tag":0}
{"Level":"Info","Type":"Text","Message":"NASA CACHE GET VALUE LENGTH: neowatch.webapp.synchroplan::feed::2026-05-08::2026-05-14 -> 55385","Tag":0}
{"Level":"Info","Type":"Text","Message":"NASA CACHE HIT: neowatch.webapp.synchroplan::feed::2026-05-08::2026-05-14","Tag":0}
{"Level":"Info","Type":"Text","Message":"NASA CACHE GET START: neowatch.webapp.synchroplan::feed::2026-05-15::2026-05-15","Tag":0}
{"Level":"Info","Type":"Text","Message":"NASA CACHE GET VALUE LENGTH: neowatch.webapp.synchroplan::feed::2026-05-15::2026-05-15 -> 55385","Tag":0}
{"Level":"Info","Type":"Text","Message":"NASA CACHE HIT: neowatch.webapp.synchroplan::feed::2026-05-15::2026-05-15","Tag":0}
{"Level":"Info","Type":"Text","Message":"NASA CACHE GET START: neowatch.webapp.synchroplan::feed::2026-05-08::2026-05-14","Tag":0}
{"Level":"Info","Type":"Text","Message":"NASA CACHE GET VALUE LENGTH: neowatch.webapp.synchroplan::feed::2026-05-08::2026-05-14 -> 55385","Tag":0}
{"Level":"Info","Type":"Text","Message":"NASA CACHE HIT: neowatch.webapp.synchroplan::feed::2026-05-08::2026-05-14","Tag":0}
{"Level":"Info","Type":"Text","Message":"NASA CACHE GET START: neowatch.webapp.synchroplan::feed::2026-05-15::2026-05-15","Tag":0}
{"Level":"Info","Type":"Text","Message":"NASA CACHE GET VALUE LENGTH: neowatch.webapp.synchroplan::feed::2026-05-15::2026-05-15 -> 55385","Tag":0}
{"Level":"Info","Type":"Text","Message":"NASA CACHE HIT: neowatch.webapp.synchroplan::feed::2026-05-15::2026-05-15","Tag":0}
{"Level":"Info","Type":"Text","Message":"NASA CACHE GET START: neowatch.webapp.synchroplan::feed::2026-05-08::2026-05-14","Tag":0}
{"Level":"Info","Type":"Text","Message":"NASA CACHE GET VALUE LENGTH: neowatch.webapp.synchroplan::feed::2026-05-08::2026-05-14 -> 55385","Tag":0}
{"Level":"Info","Type":"Text","Message":"NASA CACHE HIT: neowatch.webapp.synchroplan::feed::2026-05-08::2026-05-14","Tag":0}
{"Level":"Info","Type":"Text","Message":"NASA CACHE GET START: neowatch.webapp.synchroplan::feed::2026-05-15::2026-05-15","Tag":0}
{"Level":"Info","Type":"Text","Message":"NASA CACHE GET VALUE LENGTH: neowatch.webapp.synchroplan::feed::2026-05-15::2026-05-15 -> 55385","Tag":0}
{"Level":"Info","Type":"Text","Message":"NASA CACHE HIT: neowatch.webapp.synchroplan::feed::2026-05-15::2026-05-15","Tag":0}
{"Level":"Info","Type":"Text","Message":"NASA CACHE GET START: neowatch.webapp.synchroplan::feed::2026-05-08::2026-05-14","Tag":0}
{"Level":"Info","Type":"Text","Message":"NASA CACHE GET VALUE LENGTH: neowatch.webapp.synchroplan::feed::2026-05-08::2026-05-14 -> 55385","Tag":0}
{"Level":"Info","Type":"Text","Message":"NASA CACHE HIT: neowatch.webapp.synchroplan::feed::2026-05-08::2026-05-14","Tag":0}
{"Level":"Info","Type":"Text","Message":"NASA CACHE GET START: neowatch.webapp.synchroplan::feed::2026-05-15::2026-05-15","Tag":0}
{"Level":"Info","Type":"Text","Message":"NASA CACHE GET VALUE LENGTH: neowatch.webapp.synchroplan::feed::2026-05-15::2026-05-15 -> 55385","Tag":0}
{"Level":"Info","Type":"Text","Message":"NASA CACHE HIT: neowatch.webapp.synchroplan::feed::2026-05-15::2026-05-15","Tag":0}
{"Level":"Info","Type":"Text","Message":"NASA CACHE GET START: neowatch.webapp.synchroplan::feed::2026-05-08::2026-05-14","Tag":0}
{"Level":"Info","Type":"Text","Message":"NASA CACHE GET VALUE LENGTH: neowatch.webapp.synchroplan::feed::2026-05-08::2026-05-14 -> 55385","Tag":0}
{"Level":"Info","Type":"Text","Message":"NASA CACHE HIT: neowatch.webapp.synchroplan::feed::2026-05-08::2026-05-14","Tag":0}
{"Level":"Info","Type":"Text","Message":"NASA CACHE GET START: neowatch.webapp.synchroplan::feed::2026-05-15::2026-05-15","Tag":0}
{"Level":"Info","Type":"Text","Message":"NASA CACHE GET VALUE LENGTH: neowatch.webapp.synchroplan::feed::2026-05-15::2026-05-15 -> 55385","Tag":0}
{"Level":"Info","Type":"Text","Message":"NASA CACHE HIT: neowatch.webapp.synchroplan::feed::2026-05-15::2026-05-15","Tag":0}
{"Level":"Info","Type":"Text","Message":"NASA CACHE GET START: neowatch.webapp.synchroplan::feed::2026-05-08::2026-05-14","Tag":0}
{"Level":"Info","Type":"Text","Message":"NASA CACHE GET VALUE LENGTH: neowatch.webapp.synchroplan::feed::2026-05-08::2026-05-14 -> 55385","Tag":0}
{"Level":"Info","Type":"Text","Message":"NASA CACHE HIT: neowatch.webapp.synchroplan::feed::2026-05-08::2026-05-14","Tag":0}
{"Level":"Info","Type":"Text","Message":"NASA CACHE GET START: neowatch.webapp.synchroplan::feed::2026-05-15::2026-05-15","Tag":0}
{"Level":"Info","Type":"Text","Message":"NASA CACHE GET VALUE LENGTH: neowatch.webapp.synchroplan::feed::2026-05-15::2026-05-15 -> 55385","Tag":0}
{"Level":"Info","Type":"Text","Message":"NASA CACHE HIT: neowatch.webapp.synchroplan::feed::2026-05-15::2026-05-15","Tag":0}
{"Level":"Info","Type":"Text","Message":"NASA CACHE GET START: neowatch.webapp.synchroplan::feed::2026-05-08::2026-05-14","Tag":0}
{"Level":"Info","Type":"Text","Message":"NASA CACHE GET VALUE LENGTH: neowatch.webapp.synchroplan::feed::2026-05-08::2026-05-14 -> 55385","Tag":0}
{"Level":"Info","Type":"Text","Message":"NASA CACHE HIT: neowatch.webapp.synchroplan::feed::2026-05-08::2026-05-14","Tag":0}
{"Level":"Info","Type":"Text","Message":"NASA CACHE GET START: neowatch.webapp.synchroplan::feed::2026-05-15::2026-05-15","Tag":0}
{"Level":"Info","Type":"Text","Message":"NASA CACHE GET VALUE LENGTH: neowatch.webapp.synchroplan::feed::2026-05-15::2026-05-15 -> 55385","Tag":0}
{"Level":"Info","Type":"Text","Message":"NASA CACHE HIT: neowatch.webapp.synchroplan::feed::2026-05-15::2026-05-15","Tag":0}
{"Level":"Info","Type":"Text","Message":"NASA CACHE GET START: neowatch.webapp.synchroplan::feed::2026-05-08::2026-05-14","Tag":0}
{"Level":"Info","Type":"Text","Message":"NASA CACHE GET VALUE LENGTH: neowatch.webapp.synchroplan::feed::2026-05-08::2026-05-14 -> 55385","Tag":0}
{"Level":"Info","Type":"Text","Message":"NASA CACHE HIT: neowatch.webapp.synchroplan::feed::2026-05-08::2026-05-14","Tag":0}
{"Level":"Info","Type":"Text","Message":"NASA CACHE GET START: neowatch.webapp.synchroplan::feed::2026-05-15::2026-05-15","Tag":0}
{"Level":"Info","Type":"Text","Message":"NASA CACHE GET VALUE LENGTH: neowatch.webapp.synchroplan::feed::2026-05-15::2026-05-15 -> 55385","Tag":0}
{"Level":"Info","Type":"Text","Message":"NASA CACHE HIT: neowatch.webapp.synchroplan::feed::2026-05-15::2026-05-15","Tag":0}
{"Level":"Info","Type":"Text","Message":"NASA CACHE GET START: neowatch.webapp.synchroplan::feed::2026-05-08::2026-05-14","Tag":0}
{"Level":"Info","Type":"Text","Message":"NASA CACHE GET VALUE LENGTH: neowatch.webapp.synchroplan::feed::2026-05-08::2026-05-14 -> 55385","Tag":0}
{"Level":"Info","Type":"Text","Message":"NASA CACHE HIT: neowatch.webapp.synchroplan::feed::2026-05-08::2026-05-14","Tag":0}
{"Level":"Info","Type":"Text","Message":"NASA CACHE GET START: neowatch.webapp.synchroplan::feed::2026-05-15::2026-05-15","Tag":0}
{"Level":"Info","Type":"Text","Message":"NASA CACHE GET VALUE LENGTH: neowatch.webapp.synchroplan::feed::2026-05-15::2026-05-15 -> 55385","Tag":0}
{"Level":"Info","Type":"Text","Message":"NASA CACHE HIT: neowatch.webapp.synchroplan::feed::2026-05-15::2026-05-15","Tag":0}
{"Level":"Info","Type":"Text","Message":"NASA CACHE GET START: neowatch.webapp.synchroplan::feed::2026-05-08::2026-05-14","Tag":0}
{"Level":"Info","Type":"Text","Message":"NASA CACHE GET VALUE LENGTH: neowatch.webapp.synchroplan::feed::2026-05-08::2026-05-14 -> 55385","Tag":0}
{"Level":"Info","Type":"Text","Message":"NASA CACHE HIT: neowatch.webapp.synchroplan::feed::2026-05-08::2026-05-14","Tag":0}
{"Level":"Info","Type":"Text","Message":"NASA CACHE GET START: neowatch.webapp.synchroplan::feed::2026-05-15::2026-05-15","Tag":0}
{"Level":"Info","Type":"Text","Message":"NASA CACHE GET VALUE LENGTH: neowatch.webapp.synchroplan::feed::2026-05-15::2026-05-15 -> 55385","Tag":0}
{"Level":"Info","Type":"Text","Message":"NASA CACHE HIT: neowatch.webapp.synchroplan::feed::2026-05-15::2026-05-15","Tag":0}
{"Level":"Info","Type":"Text","Message":"NASA CACHE GET START: neowatch.webapp.synchroplan::feed::2026-05-08::2026-05-14","Tag":0}
{"Level":"Info","Type":"Text","Message":"NASA CACHE GET VALUE LENGTH: neowatch.webapp.synchroplan::feed::2026-05-08::2026-05-14 -> 55385","Tag":0}
{"Level":"Info","Type":"Text","Message":"NASA CACHE HIT: neowatch.webapp.synchroplan::feed::2026-05-08::2026-05-14","Tag":0}
{"Level":"Info","Type":"Text","Message":"NASA CACHE GET START: neowatch.webapp.synchroplan::feed::2026-05-15::2026-05-15","Tag":0}
{"Level":"Info","Type":"Text","Message":"NASA CACHE GET VALUE LENGTH: neowatch.webapp.synchroplan::feed::2026-05-15::2026-05-15 -> 55385","Tag":0}
{"Level":"Info","Type":"Text","Message":"NASA CACHE HIT: neowatch.webapp.synchroplan::feed::2026-05-15::2026-05-15","Tag":0}
{"Level":"Info","Type":"Text","Message":"NASA CACHE GET START: neowatch.webapp.synchroplan::feed::2026-05-08::2026-05-14","Tag":0}
{"Level":"Info","Type":"Text","Message":"NASA CACHE GET VALUE LENGTH: neowatch.webapp.synchroplan::feed::2026-05-08::2026-05-14 -> 55385","Tag":0}
{"Level":"Info","Type":"Text","Message":"NASA CACHE HIT: neowatch.webapp.synchroplan::feed::2026-05-08::2026-05-14","Tag":0}
{"Level":"Info","Type":"Text","Message":"NASA CACHE GET START: neowatch.webapp.synchroplan::feed::2026-05-15::2026-05-15","Tag":0}
{"Level":"Info","Type":"Text","Message":"NASA CACHE GET VALUE LENGTH: neowatch.webapp.synchroplan::feed::2026-05-15::2026-05-15 -> 55385","Tag":0}
{"Level":"Info","Type":"Text","Message":"NASA CACHE HIT: neowatch.webapp.synchroplan::feed::2026-05-15::2026-05-15","Tag":0}
{"Level":"Info","Type":"Text","Message":"NASA CACHE GET START: neowatch.webapp.synchroplan::asteroid::3733939","Tag":0}
{"Level":"Info","Type":"Text","Message":"NASA CACHE GET VALUE LENGTH: neowatch.webapp.synchroplan::asteroid::3733939 -> 5185","Tag":0}
{"Level":"Info","Type":"Text","Message":"NASA CACHE HIT: neowatch.webapp.synchroplan::asteroid::3733939","Tag":0}
{"Level":"Info","Type":"Text","Message":"NASA CACHE GET START: neowatch.webapp.synchroplan::feed::2026-05-08::2026-05-14","Tag":0}
{"Level":"Info","Type":"Text","Message":"NASA CACHE GET VALUE LENGTH: neowatch.webapp.synchroplan::feed::2026-05-08::2026-05-14 -> 55385","Tag":0}
{"Level":"Info","Type":"Text","Message":"NASA CACHE HIT: neowatch.webapp.synchroplan::feed::2026-05-08::2026-05-14","Tag":0}
{"Level":"Info","Type":"Text","Message":"NASA CACHE GET START: neowatch.webapp.synchroplan::feed::2026-05-15::2026-05-15","Tag":0}
{"Level":"Info","Type":"Text","Message":"NASA CACHE GET VALUE LENGTH: neowatch.webapp.synchroplan::feed::2026-05-15::2026-05-15 -> 55385","Tag":0}
{"Level":"Info","Type":"Text","Message":"NASA CACHE HIT: neowatch.webapp.synchroplan::feed::2026-05-15::2026-05-15","Tag":0}
{"Level":"Info","Type":"Text","Message":"NASA CACHE GET START: neowatch.webapp.synchroplan::asteroid::3733939","Tag":0}
{"Level":"Info","Type":"Text","Message":"NASA CACHE GET VALUE LENGTH: neowatch.webapp.synchroplan::asteroid::3733939 -> 5185","Tag":0}
{"Level":"Info","Type":"Text","Message":"NASA CACHE HIT: neowatch.webapp.synchroplan::asteroid::3733939","Tag":0}
{"Level":"Info","Type":"Text","Message":"NASA CACHE GET START: neowatch.webapp.synchroplan::feed::2026-05-08::2026-05-14","Tag":0}
{"Level":"Info","Type":"Text","Message":"NASA CACHE GET VALUE LENGTH: neowatch.webapp.synchroplan::feed::2026-05-08::2026-05-14 -> 55385","Tag":0}
{"Level":"Info","Type":"Text","Message":"NASA CACHE HIT: neowatch.webapp.synchroplan::feed::2026-05-08::2026-05-14","Tag":0}
{"Level":"Info","Type":"Text","Message":"NASA CACHE GET START: neowatch.webapp.synchroplan::feed::2026-05-15::2026-05-15","Tag":0}
{"Level":"Info","Type":"Text","Message":"NASA CACHE GET VALUE LENGTH: neowatch.webapp.synchroplan::feed::2026-05-15::2026-05-15 -> 55385","Tag":0}
{"Level":"Info","Type":"Text","Message":"NASA CACHE HIT: neowatch.webapp.synchroplan::feed::2026-05-15::2026-05-15","Tag":0}
{"Level":"Info","Type":"Text","Message":"NASA CACHE GET START: neowatch.webapp.synchroplan::feed::2026-05-08::2026-05-14","Tag":0}
{"Level":"Info","Type":"Text","Message":"NASA CACHE GET VALUE LENGTH: neowatch.webapp.synchroplan::feed::2026-05-08::2026-05-14 -> 55385","Tag":0}
{"Level":"Info","Type":"Text","Message":"NASA CACHE HIT: neowatch.webapp.synchroplan::feed::2026-05-08::2026-05-14","Tag":0}
{"Level":"Info","Type":"Text","Message":"NASA CACHE GET START: neowatch.webapp.synchroplan::feed::2026-05-15::2026-05-15","Tag":0}
{"Level":"Info","Type":"Text","Message":"NASA CACHE GET VALUE LENGTH: neowatch.webapp.synchroplan::feed::2026-05-15::2026-05-15 -> 55385","Tag":0}
{"Level":"Info","Type":"Text","Message":"NASA CACHE HIT: neowatch.webapp.synchroplan::feed::2026-05-15::2026-05-15","Tag":0}
{"Level":"Info","Type":"Text","Message":"NASA CACHE GET START: neowatch.webapp.synchroplan::feed::2026-05-08::2026-05-14","Tag":0}
{"Level":"Info","Type":"Text","Message":"NASA CACHE GET VALUE LENGTH: neowatch.webapp.synchroplan::feed::2026-05-08::2026-05-14 -> 55385","Tag":0}
{"Level":"Info","Type":"Text","Message":"NASA CACHE HIT: neowatch.webapp.synchroplan::feed::2026-05-08::2026-05-14","Tag":0}
{"Level":"Info","Type":"Text","Message":"NASA CACHE GET START: neowatch.webapp.synchroplan::feed::2026-05-15::2026-05-15","Tag":0}
{"Level":"Info","Type":"Text","Message":"NASA CACHE GET VALUE LENGTH: neowatch.webapp.synchroplan::feed::2026-05-15::2026-05-15 -> 55385","Tag":0}
{"Level":"Info","Type":"Text","Message":"NASA CACHE HIT: neowatch.webapp.synchroplan::feed::2026-05-15::2026-05-15","Tag":0}
{"Level":"Info","Type":"Text","Message":"NASA CACHE GET START: neowatch.webapp.synchroplan::asteroid::3733939","Tag":0}
{"Level":"Info","Type":"Text","Message":"NASA CACHE GET VALUE LENGTH: neowatch.webapp.synchroplan::asteroid::3733939 -> 5185","Tag":0}
{"Level":"Info","Type":"Text","Message":"NASA CACHE HIT: neowatch.webapp.synchroplan::asteroid::3733939","Tag":0}
{"Level":"Info","Type":"Text","Message":"NASA CACHE GET START: neowatch.webapp.synchroplan::feed::2026-05-08::2026-05-14","Tag":0}
{"Level":"Info","Type":"Text","Message":"NASA CACHE GET VALUE LENGTH: neowatch.webapp.synchroplan::feed::2026-05-08::2026-05-14 -> 55385","Tag":0}
{"Level":"Info","Type":"Text","Message":"NASA CACHE HIT: neowatch.webapp.synchroplan::feed::2026-05-08::2026-05-14","Tag":0}
{"Level":"Info","Type":"Text","Message":"NASA CACHE GET START: neowatch.webapp.synchroplan::feed::2026-05-15::2026-05-15","Tag":0}
{"Level":"Info","Type":"Text","Message":"NASA CACHE GET VALUE LENGTH: neowatch.webapp.synchroplan::feed::2026-05-15::2026-05-15 -> 55385","Tag":0}
{"Level":"Info","Type":"Text","Message":"NASA CACHE HIT: neowatch.webapp.synchroplan::feed::2026-05-15::2026-05-15","Tag":0}
{"Level":"Info","Type":"Text","Message":"NASA CACHE GET START: neowatch.webapp.synchroplan::feed::2026-05-08::2026-05-14","Tag":0}
{"Level":"Info","Type":"Text","Message":"NASA CACHE GET VALUE LENGTH: neowatch.webapp.synchroplan::feed::2026-05-08::2026-05-14 -> 55385","Tag":0}
{"Level":"Info","Type":"Text","Message":"NASA CACHE HIT: neowatch.webapp.synchroplan::feed::2026-05-08::2026-05-14","Tag":0}
{"Level":"Info","Type":"Text","Message":"NASA CACHE GET START: neowatch.webapp.synchroplan::feed::2026-05-15::2026-05-15","Tag":0}
{"Level":"Info","Type":"Text","Message":"NASA CACHE GET VALUE LENGTH: neowatch.webapp.synchroplan::feed::2026-05-15::2026-05-15 -> 55385","Tag":0}
{"Level":"Info","Type":"Text","Message":"NASA CACHE HIT: neowatch.webapp.synchroplan::feed::2026-05-15::2026-05-15","Tag":0}
{"Level":"Info","Type":"Text","Message":"NASA CACHE GET START: neowatch.webapp.synchroplan::feed::2026-05-08::2026-05-14","Tag":0}
{"Level":"Info","Type":"Text","Message":"NASA CACHE GET VALUE LENGTH: neowatch.webapp.synchroplan::feed::2026-05-08::2026-05-14 -> 55385","Tag":0}
{"Level":"Info","Type":"Text","Message":"NASA CACHE HIT: neowatch.webapp.synchroplan::feed::2026-05-08::2026-05-14","Tag":0}
{"Level":"Info","Type":"Text","Message":"NASA CACHE GET START: neowatch.webapp.synchroplan::feed::2026-05-15::2026-05-15","Tag":0}
{"Level":"Info","Type":"Text","Message":"NASA CACHE GET VALUE LENGTH: neowatch.webapp.synchroplan::feed::2026-05-15::2026-05-15 -> 55385","Tag":0}
{"Level":"Info","Type":"Text","Message":"NASA CACHE HIT: neowatch.webapp.synchroplan::feed::2026-05-15::2026-05-15","Tag":0}
{"Level":"Info","Type":"Text","Message":"NASA CACHE GET START: neowatch.webapp.synchroplan::feed::2026-05-08::2026-05-14","Tag":0}
{"Level":"Info","Type":"Text","Message":"NASA CACHE GET VALUE LENGTH: neowatch.webapp.synchroplan::feed::2026-05-08::2026-05-14 -> 55385","Tag":0}
{"Level":"Info","Type":"Text","Message":"NASA CACHE HIT: neowatch.webapp.synchroplan::feed::2026-05-08::2026-05-14","Tag":0}
{"Level":"Info","Type":"Text","Message":"NASA CACHE GET START: neowatch.webapp.synchroplan::feed::2026-05-15::2026-05-15","Tag":0}
{"Level":"Info","Type":"Text","Message":"NASA CACHE GET VALUE LENGTH: neowatch.webapp.synchroplan::feed::2026-05-15::2026-05-15 -> 55385","Tag":0}
{"Level":"Info","Type":"Text","Message":"NASA CACHE HIT: neowatch.webapp.synchroplan::feed::2026-05-15::2026-05-15","Tag":0}
{"Level":"Info","Type":"Text","Message":"NASA CACHE GET START: neowatch.webapp.synchroplan::feed::2026-05-08::2026-05-14","Tag":0}
{"Level":"Info","Type":"Text","Message":"NASA CACHE GET VALUE LENGTH: neowatch.webapp.synchroplan::feed::2026-05-08::2026-05-14 -> 55385","Tag":0}
{"Level":"Info","Type":"Text","Message":"NASA CACHE HIT: neowatch.webapp.synchroplan::feed::2026-05-08::2026-05-14","Tag":0}
{"Level":"Info","Type":"Text","Message":"NASA CACHE GET START: neowatch.webapp.synchroplan::feed::2026-05-15::2026-05-15","Tag":0}
{"Level":"Info","Type":"Text","Message":"NASA CACHE GET VALUE LENGTH: neowatch.webapp.synchroplan::feed::2026-05-15::2026-05-15 -> 55385","Tag":0}
{"Level":"Info","Type":"Text","Message":"NASA CACHE HIT: neowatch.webapp.synchroplan::feed::2026-05-15::2026-05-15","Tag":0}
{"Level":"Info","Type":"Text","Message":"NASA CACHE GET START: neowatch.webapp.synchroplan::feed::2026-05-08::2026-05-14","Tag":0}
{"Level":"Info","Type":"Text","Message":"NASA CACHE GET VALUE LENGTH: neowatch.webapp.synchroplan::feed::2026-05-08::2026-05-14 -> 55385","Tag":0}
{"Level":"Info","Type":"Text","Message":"NASA CACHE HIT: neowatch.webapp.synchroplan::feed::2026-05-08::2026-05-14","Tag":0}
{"Level":"Info","Type":"Text","Message":"NASA CACHE GET START: neowatch.webapp.synchroplan::feed::2026-05-15::2026-05-15","Tag":0}
{"Level":"Info","Type":"Text","Message":"NASA CACHE GET VALUE LENGTH: neowatch.webapp.synchroplan::feed::2026-05-15::2026-05-15 -> 55385","Tag":0}
{"Level":"Info","Type":"Text","Message":"NASA CACHE HIT: neowatch.webapp.synchroplan::feed::2026-05-15::2026-05-15","Tag":0}
{"Level":"Info","Type":"Text","Message":"NASA CACHE GET START: neowatch.webapp.synchroplan::feed::2026-05-08::2026-05-14","Tag":0}
{"Level":"Info","Type":"Text","Message":"NASA CACHE GET VALUE LENGTH: neowatch.webapp.synchroplan::feed::2026-05-08::2026-05-14 -> 55385","Tag":0}
{"Level":"Info","Type":"Text","Message":"NASA CACHE HIT: neowatch.webapp.synchroplan::feed::2026-05-08::2026-05-14","Tag":0}
{"Level":"Info","Type":"Text","Message":"NASA CACHE GET START: neowatch.webapp.synchroplan::feed::2026-05-15::2026-05-15","Tag":0}
{"Level":"Info","Type":"Text","Message":"NASA CACHE GET VALUE LENGTH: neowatch.webapp.synchroplan::feed::2026-05-15::2026-05-15 -> 55385","Tag":0}
{"Level":"Info","Type":"Text","Message":"NASA CACHE HIT: neowatch.webapp.synchroplan::feed::2026-05-15::2026-05-15","Tag":0}
{"Level":"Info","Type":"Text","Message":"NASA CACHE GET START: neowatch.webapp.synchroplan::feed::2026-05-08::2026-05-14","Tag":0}
{"Level":"Info","Type":"Text","Message":"NASA CACHE GET VALUE LENGTH: neowatch.webapp.synchroplan::feed::2026-05-08::2026-05-14 -> 55385","Tag":0}
{"Level":"Info","Type":"Text","Message":"NASA CACHE HIT: neowatch.webapp.synchroplan::feed::2026-05-08::2026-05-14","Tag":0}
{"Level":"Info","Type":"Text","Message":"NASA CACHE GET START: neowatch.webapp.synchroplan::feed::2026-05-15::2026-05-15","Tag":0}
{"Level":"Info","Type":"Text","Message":"NASA CACHE GET VALUE LENGTH: neowatch.webapp.synchroplan::feed::2026-05-15::2026-05-15 -> 55385","Tag":0}
{"Level":"Info","Type":"Text","Message":"NASA CACHE HIT: neowatch.webapp.synchroplan::feed::2026-05-15::2026-05-15","Tag":0}
{"Level":"Info","Type":"Text","Message":"NASA CACHE GET START: neowatch.webapp.synchroplan::feed::2026-05-08::2026-05-14","Tag":0}
{"Level":"Info","Type":"Text","Message":"NASA CACHE GET VALUE LENGTH: neowatch.webapp.synchroplan::feed::2026-05-08::2026-05-14 -> 55385","Tag":0}
{"Level":"Info","Type":"Text","Message":"NASA CACHE HIT: neowatch.webapp.synchroplan::feed::2026-05-08::2026-05-14","Tag":0}
{"Level":"Info","Type":"Text","Message":"NASA CACHE GET START: neowatch.webapp.synchroplan::feed::2026-05-15::2026-05-15","Tag":0}
{"Level":"Info","Type":"Text","Message":"NASA CACHE GET VALUE LENGTH: neowatch.webapp.synchroplan::feed::2026-05-15::2026-05-15 -> 55385","Tag":0}
{"Level":"Info","Type":"Text","Message":"NASA CACHE HIT: neowatch.webapp.synchroplan::feed::2026-05-15::2026-05-15","Tag":0}
{"Level":"Info","Type":"Text","Message":"NASA CACHE GET START: neowatch.webapp.synchroplan::feed::2026-05-08::2026-05-14","Tag":0}
{"Level":"Info","Type":"Text","Message":"NASA CACHE GET VALUE LENGTH: neowatch.webapp.synchroplan::feed::2026-05-08::2026-05-14 -> 55385","Tag":0}
{"Level":"Info","Type":"Text","Message":"NASA CACHE HIT: neowatch.webapp.synchroplan::feed::2026-05-08::2026-05-14","Tag":0}
{"Level":"Info","Type":"Text","Message":"NASA CACHE GET START: neowatch.webapp.synchroplan::feed::2026-05-15::2026-05-15","Tag":0}
{"Level":"Info","Type":"Text","Message":"NASA CACHE GET VALUE LENGTH: neowatch.webapp.synchroplan::feed::2026-05-15::2026-05-15 -> 55385","Tag":0}
{"Level":"Info","Type":"Text","Message":"NASA CACHE HIT: neowatch.webapp.synchroplan::feed::2026-05-15::2026-05-15","Tag":0}
{"Level":"Info","Type":"Text","Message":"NASA CACHE GET START: neowatch.webapp.synchroplan::asteroid::3733939","Tag":0}
{"Level":"Info","Type":"Text","Message":"NASA CACHE GET VALUE LENGTH: neowatch.webapp.synchroplan::asteroid::3733939 -> 5185","Tag":0}
{"Level":"Info","Type":"Text","Message":"NASA CACHE HIT: neowatch.webapp.synchroplan::asteroid::3733939","Tag":0}
{"Level":"Info","Type":"Text","Message":"NASA CACHE GET START: neowatch.webapp.synchroplan::asteroid::3733939","Tag":0}
{"Level":"Info","Type":"Text","Message":"NASA CACHE GET VALUE LENGTH: neowatch.webapp.synchroplan::asteroid::3733939 -> 5185","Tag":0}
{"Level":"Info","Type":"Text","Message":"NASA CACHE HIT: neowatch.webapp.synchroplan::asteroid::3733939","Tag":0}
{"Level":"Info","Type":"Text","Message":"NASA CACHE GET START: neowatch.webapp.synchroplan::feed::2026-05-08::2026-05-14","Tag":0}
{"Level":"Info","Type":"Text","Message":"NASA CACHE GET VALUE LENGTH: neowatch.webapp.synchroplan::feed::2026-05-08::2026-05-14 -> 55385","Tag":0}
{"Level":"Info","Type":"Text","Message":"NASA CACHE HIT: neowatch.webapp.synchroplan::feed::2026-05-08::2026-05-14","Tag":0}
{"Level":"Info","Type":"Text","Message":"NASA CACHE GET START: neowatch.webapp.synchroplan::feed::2026-05-15::2026-05-15","Tag":0}
{"Level":"Info","Type":"Text","Message":"NASA CACHE GET VALUE LENGTH: neowatch.webapp.synchroplan::feed::2026-05-15::2026-05-15 -> 55385","Tag":0}
{"Level":"Info","Type":"Text","Message":"NASA CACHE HIT: neowatch.webapp.synchroplan::feed::2026-05-15::2026-05-15","Tag":0}
{"Level":"Info","Type":"Text","Message":"NASA CACHE GET START: neowatch.webapp.synchroplan::asteroid::3733939","Tag":0}
{"Level":"Info","Type":"Text","Message":"NASA CACHE GET VALUE LENGTH: neowatch.webapp.synchroplan::asteroid::3733939 -> 5185","Tag":0}
{"Level":"Info","Type":"Text","Message":"NASA CACHE HIT: neowatch.webapp.synchroplan::asteroid::3733939","Tag":0}
{"Level":"Info","Type":"Text","Message":"NASA CACHE GET START: neowatch.webapp.synchroplan::feed::2026-05-08::2026-05-14","Tag":0}
{"Level":"Info","Type":"Text","Message":"NASA CACHE GET VALUE LENGTH: neowatch.webapp.synchroplan::feed::2026-05-08::2026-05-14 -> 55385","Tag":0}
{"Level":"Info","Type":"Text","Message":"NASA CACHE HIT: neowatch.webapp.synchroplan::feed::2026-05-08::2026-05-14","Tag":0}
{"Level":"Info","Type":"Text","Message":"NASA CACHE GET START: neowatch.webapp.synchroplan::feed::2026-05-15::2026-05-15","Tag":0}
{"Level":"Info","Type":"Text","Message":"NASA CACHE GET VALUE LENGTH: neowatch.webapp.synchroplan::feed::2026-05-15::2026-05-15 -> 55385","Tag":0}
{"Level":"Info","Type":"Text","Message":"NASA CACHE HIT: neowatch.webapp.synchroplan::feed::2026-05-15::2026-05-15","Tag":0}
{"Level":"Info","Type":"Text","Message":"NASA CACHE GET START: neowatch.webapp.synchroplan::asteroid::3733939","Tag":0}
{"Level":"Info","Type":"Text","Message":"NASA CACHE GET VALUE LENGTH: neowatch.webapp.synchroplan::asteroid::3733939 -> 5185","Tag":0}
{"Level":"Info","Type":"Text","Message":"NASA CACHE HIT: neowatch.webapp.synchroplan::asteroid::3733939","Tag":0}
{"Level":"Info","Type":"Text","Message":"NASA CACHE GET START: neowatch.webapp.synchroplan::asteroid::3733939","Tag":0}
{"Level":"Info","Type":"Text","Message":"NASA CACHE GET VALUE LENGTH: neowatch.webapp.synchroplan::asteroid::3733939 -> 5185","Tag":0}
{"Level":"Info","Type":"Text","Message":"NASA CACHE HIT: neowatch.webapp.synchroplan::asteroid::3733939","Tag":0}
{"Level":"Info","Type":"Text","Message":"NASA CACHE GET START: neowatch.webapp.synchroplan::asteroid::3602622","Tag":0}
{"Level":"Info","Type":"Text","Message":"NASA CACHE GET VALUE LENGTH: neowatch.webapp.synchroplan::asteroid::3602622 -> 0","Tag":0}
{"Level":"Info","Type":"Text","Message":"NASA CACHE MISS: neowatch.webapp.synchroplan::asteroid::3602622","Tag":0}
{"Level":"Info","Type":"Text","Message":"NASA CACHE SET START: neowatch.webapp.synchroplan::asteroid::3602622. Value length: 14441","Tag":0}
{"Level":"Info","Type":"Text","Message":"NASA CACHE SET CHECK: neowatch.webapp.synchroplan::asteroid::3602622. Read back length: 14441","Tag":0}
{"Level":"Info","Type":"Text","Message":"NASA CACHE GET START: neowatch.webapp.synchroplan::feed::2026-05-08::2026-05-14","Tag":0}
{"Level":"Info","Type":"Text","Message":"NASA CACHE GET VALUE LENGTH: neowatch.webapp.synchroplan::feed::2026-05-08::2026-05-14 -> 55385","Tag":0}
{"Level":"Info","Type":"Text","Message":"NASA CACHE HIT: neowatch.webapp.synchroplan::feed::2026-05-08::2026-05-14","Tag":0}
{"Level":"Info","Type":"Text","Message":"NASA CACHE GET START: neowatch.webapp.synchroplan::feed::2026-05-15::2026-05-15","Tag":0}
{"Level":"Info","Type":"Text","Message":"NASA CACHE GET VALUE LENGTH: neowatch.webapp.synchroplan::feed::2026-05-15::2026-05-15 -> 55385","Tag":0}
{"Level":"Info","Type":"Text","Message":"NASA CACHE HIT: neowatch.webapp.synchroplan::feed::2026-05-15::2026-05-15","Tag":0}
{"Level":"Info","Type":"Text","Message":"NASA CACHE GET START: neowatch.webapp.synchroplan::asteroid::3602622","Tag":0}
{"Level":"Info","Type":"Text","Message":"NASA CACHE GET VALUE LENGTH: neowatch.webapp.synchroplan::asteroid::3602622 -> 14441","Tag":0}
{"Level":"Info","Type":"Text","Message":"NASA CACHE HIT: neowatch.webapp.synchroplan::asteroid::3602622","Tag":0}
{"Level":"Info","Type":"Text","Message":"NASA CACHE GET START: neowatch.webapp.synchroplan::asteroid::3602622","Tag":0}
{"Level":"Info","Type":"Text","Message":"NASA CACHE GET VALUE LENGTH: neowatch.webapp.synchroplan::asteroid::3602622 -> 14441","Tag":0}
{"Level":"Info","Type":"Text","Message":"NASA CACHE HIT: neowatch.webapp.synchroplan::asteroid::3602622","Tag":0}
{"Level":"Info","Type":"Text","Message":"NASA CACHE GET START: neowatch.webapp.synchroplan::asteroid::3602622","Tag":0}
{"Level":"Info","Type":"Text","Message":"NASA CACHE GET VALUE LENGTH: neowatch.webapp.synchroplan::asteroid::3602622 -> 14441","Tag":0}
{"Level":"Info","Type":"Text","Message":"NASA CACHE HIT: neowatch.webapp.synchroplan::asteroid::3602622","Tag":0}
{"Level":"Info","Type":"Text","Message":"NASA CACHE GET START: neowatch.webapp.synchroplan::asteroid::3602622","Tag":0}
{"Level":"Info","Type":"Text","Message":"NASA CACHE GET VALUE LENGTH: neowatch.webapp.synchroplan::asteroid::3602622 -> 14441","Tag":0}
{"Level":"Info","Type":"Text","Message":"NASA CACHE HIT: neowatch.webapp.synchroplan::asteroid::3602622","Tag":0}
{"Level":"Info","Type":"Text","Message":"NASA CACHE GET START: neowatch.webapp.synchroplan::asteroid::3602622","Tag":0}
{"Level":"Info","Type":"Text","Message":"NASA CACHE GET VALUE LENGTH: neowatch.webapp.synchroplan::asteroid::3602622 -> 14441","Tag":0}
{"Level":"Info","Type":"Text","Message":"NASA CACHE HIT: neowatch.webapp.synchroplan::asteroid::3602622","Tag":0}
{"Level":"Info","Type":"Text","Message":"NASA CACHE GET START: neowatch.webapp.synchroplan::feed::2026-05-08::2026-05-14","Tag":0}
{"Level":"Info","Type":"Text","Message":"NASA CACHE GET VALUE LENGTH: neowatch.webapp.synchroplan::feed::2026-05-08::2026-05-14 -> 55385","Tag":0}
{"Level":"Info","Type":"Text","Message":"NASA CACHE HIT: neowatch.webapp.synchroplan::feed::2026-05-08::2026-05-14","Tag":0}
{"Level":"Info","Type":"Text","Message":"NASA CACHE GET START: neowatch.webapp.synchroplan::feed::2026-05-15::2026-05-15","Tag":0}
{"Level":"Info","Type":"Text","Message":"NASA CACHE GET VALUE LENGTH: neowatch.webapp.synchroplan::feed::2026-05-15::2026-05-15 -> 55385","Tag":0}
{"Level":"Info","Type":"Text","Message":"NASA CACHE HIT: neowatch.webapp.synchroplan::feed::2026-05-15::2026-05-15","Tag":0}
{"Level":"Info","Type":"Text","Message":"NASA CACHE GET START: neowatch.webapp.synchroplan::feed::2026-05-08::2026-05-14","Tag":0}
{"Level":"Info","Type":"Text","Message":"NASA CACHE GET VALUE LENGTH: neowatch.webapp.synchroplan::feed::2026-05-08::2026-05-14 -> 55385","Tag":0}
{"Level":"Info","Type":"Text","Message":"NASA CACHE HIT: neowatch.webapp.synchroplan::feed::2026-05-08::2026-05-14","Tag":0}
{"Level":"Info","Type":"Text","Message":"NASA CACHE GET START: neowatch.webapp.synchroplan::feed::2026-05-15::2026-05-15","Tag":0}
{"Level":"Info","Type":"Text","Message":"NASA CACHE GET VALUE LENGTH: neowatch.webapp.synchroplan::feed::2026-05-15::2026-05-15 -> 55385","Tag":0}
{"Level":"Info","Type":"Text","Message":"NASA CACHE HIT: neowatch.webapp.synchroplan::feed::2026-05-15::2026-05-15","Tag":0}
{"Level":"Info","Type":"Text","Message":"NASA CACHE GET START: neowatch.webapp.synchroplan::asteroid::3733939","Tag":0}
{"Level":"Info","Type":"Text","Message":"NASA CACHE GET VALUE LENGTH: neowatch.webapp.synchroplan::asteroid::3733939 -> 5185","Tag":0}
{"Level":"Info","Type":"Text","Message":"NASA CACHE HIT: neowatch.webapp.synchroplan::asteroid::3733939","Tag":0}
{"Level":"Info","Type":"Text","Message":"NASA CACHE GET START: neowatch.webapp.synchroplan::feed::2026-05-08::2026-05-14","Tag":0}
{"Level":"Info","Type":"Text","Message":"NASA CACHE GET VALUE LENGTH: neowatch.webapp.synchroplan::feed::2026-05-08::2026-05-14 -> 55385","Tag":0}
{"Level":"Info","Type":"Text","Message":"NASA CACHE HIT: neowatch.webapp.synchroplan::feed::2026-05-08::2026-05-14","Tag":0}
{"Level":"Info","Type":"Text","Message":"NASA CACHE GET START: neowatch.webapp.synchroplan::feed::2026-05-15::2026-05-15","Tag":0}
{"Level":"Info","Type":"Text","Message":"NASA CACHE GET VALUE LENGTH: neowatch.webapp.synchroplan::feed::2026-05-15::2026-05-15 -> 55385","Tag":0}
{"Level":"Info","Type":"Text","Message":"NASA CACHE HIT: neowatch.webapp.synchroplan::feed::2026-05-15::2026-05-15","Tag":0}
{"Level":"Info","Type":"Text","Message":"NASA CACHE GET START: neowatch.webapp.synchroplan::asteroid::3733939","Tag":0}
{"Level":"Info","Type":"Text","Message":"NASA CACHE GET VALUE LENGTH: neowatch.webapp.synchroplan::asteroid::3733939 -> 5185","Tag":0}
{"Level":"Info","Type":"Text","Message":"NASA CACHE HIT: neowatch.webapp.synchroplan::asteroid::3733939","Tag":0}
{"Level":"Info","Type":"Text","Message":"NASA CACHE GET START: neowatch.webapp.synchroplan::feed::2025-05-01::2025-05-07","Tag":0}
{"Level":"Info","Type":"Text","Message":"NASA CACHE GET VALUE LENGTH: neowatch.webapp.synchroplan::feed::2025-05-01::2025-05-07 -> 0","Tag":0}
{"Level":"Info","Type":"Text","Message":"NASA CACHE MISS: neowatch.webapp.synchroplan::feed::2025-05-01::2025-05-07","Tag":0}
{"Level":"Info","Type":"Text","Message":"NASA CACHE SET START: neowatch.webapp.synchroplan::feed::2025-05-01::2025-05-07. Value length: 55385","Tag":0}
{"Level":"Info","Type":"Text","Message":"NASA CACHE SET CHECK: neowatch.webapp.synchroplan::feed::2025-05-01::2025-05-07. Read back length: 55385","Tag":0}
{"Level":"Info","Type":"Text","Message":"NASA CACHE GET START: neowatch.webapp.synchroplan::feed::2025-05-08::2025-05-14","Tag":0}
{"Level":"Info","Type":"Text","Message":"NASA CACHE GET VALUE LENGTH: neowatch.webapp.synchroplan::feed::2025-05-08::2025-05-14 -> 0","Tag":0}
{"Level":"Info","Type":"Text","Message":"NASA CACHE MISS: neowatch.webapp.synchroplan::feed::2025-05-08::2025-05-14","Tag":0}
{"Level":"Info","Type":"Text","Message":"NASA CACHE SET START: neowatch.webapp.synchroplan::feed::2025-05-08::2025-05-14. Value length: 55385","Tag":0}
{"Level":"Info","Type":"Text","Message":"NASA CACHE SET CHECK: neowatch.webapp.synchroplan::feed::2025-05-08::2025-05-14. Read back length: 55385","Tag":0}
{"Level":"Info","Type":"Text","Message":"NASA CACHE GET START: neowatch.webapp.synchroplan::feed::2025-05-15::2025-05-21","Tag":0}
{"Level":"Info","Type":"Text","Message":"NASA CACHE GET VALUE LENGTH: neowatch.webapp.synchroplan::feed::2025-05-15::2025-05-21 -> 0","Tag":0}
{"Level":"Info","Type":"Text","Message":"NASA CACHE MISS: neowatch.webapp.synchroplan::feed::2025-05-15::2025-05-21","Tag":0}
{"Level":"Info","Type":"Text","Message":"NASA CACHE SET START: neowatch.webapp.synchroplan::feed::2025-05-15::2025-05-21. Value length: 55385","Tag":0}
{"Level":"Info","Type":"Text","Message":"NASA CACHE SET CHECK: neowatch.webapp.synchroplan::feed::2025-05-15::2025-05-21. Read back length: 55385","Tag":0}
{"Level":"Info","Type":"Text","Message":"NASA CACHE GET START: neowatch.webapp.synchroplan::feed::2025-05-22::2025-05-28","Tag":0}
{"Level":"Info","Type":"Text","Message":"NASA CACHE GET VALUE LENGTH: neowatch.webapp.synchroplan::feed::2025-05-22::2025-05-28 -> 0","Tag":0}
{"Level":"Info","Type":"Text","Message":"NASA CACHE MISS: neowatch.webapp.synchroplan::feed::2025-05-22::2025-05-28","Tag":0}
{"Level":"Info","Type":"Text","Message":"NASA CACHE SET START: neowatch.webapp.synchroplan::feed::2025-05-22::2025-05-28. Value length: 55385","Tag":0}
{"Level":"Info","Type":"Text","Message":"NASA CACHE SET CHECK: neowatch.webapp.synchroplan::feed::2025-05-22::2025-05-28. Read back length: 55385","Tag":0}
{"Level":"Info","Type":"Text","Message":"NASA CACHE GET START: neowatch.webapp.synchroplan::feed::2025-05-29::2025-06-04","Tag":0}
{"Level":"Info","Type":"Text","Message":"NASA CACHE GET VALUE LENGTH: neowatch.webapp.synchroplan::feed::2025-05-29::2025-06-04 -> 0","Tag":0}
{"Level":"Info","Type":"Text","Message":"NASA CACHE MISS: neowatch.webapp.synchroplan::feed::2025-05-29::2025-06-04","Tag":0}
{"Level":"Info","Type":"Text","Message":"NASA CACHE SET START: neowatch.webapp.synchroplan::feed::2025-05-29::2025-06-04. Value length: 55385","Tag":0}
{"Level":"Info","Type":"Text","Message":"NASA CACHE SET CHECK: neowatch.webapp.synchroplan::feed::2025-05-29::2025-06-04. Read back length: 55385","Tag":0}
{"Level":"Info","Type":"Text","Message":"NASA CACHE GET START: neowatch.webapp.synchroplan::feed::2025-06-05::2025-06-11","Tag":0}
{"Level":"Info","Type":"Text","Message":"NASA CACHE GET VALUE LENGTH: neowatch.webapp.synchroplan::feed::2025-06-05::2025-06-11 -> 0","Tag":0}
{"Level":"Info","Type":"Text","Message":"NASA CACHE MISS: neowatch.webapp.synchroplan::feed::2025-06-05::2025-06-11","Tag":0}
{"Level":"Info","Type":"Text","Message":"NASA CACHE SET START: neowatch.webapp.synchroplan::feed::2025-06-05::2025-06-11. Value length: 55385","Tag":0}
{"Level":"Info","Type":"Text","Message":"NASA CACHE SET CHECK: neowatch.webapp.synchroplan::feed::2025-06-05::2025-06-11. Read back length: 55385","Tag":0}
{"Level":"Info","Type":"Text","Message":"NASA CACHE GET START: neowatch.webapp.synchroplan::feed::2025-06-12::2025-06-18","Tag":0}
{"Level":"Info","Type":"Text","Message":"NASA CACHE GET VALUE LENGTH: neowatch.webapp.synchroplan::feed::2025-06-12::2025-06-18 -> 0","Tag":0}
{"Level":"Info","Type":"Text","Message":"NASA CACHE MISS: neowatch.webapp.synchroplan::feed::2025-06-12::2025-06-18","Tag":0}
{"Level":"Info","Type":"Text","Message":"NASA CACHE SET START: neowatch.webapp.synchroplan::feed::2025-06-12::2025-06-18. Value length: 55385","Tag":0}
{"Level":"Info","Type":"Text","Message":"NASA CACHE SET CHECK: neowatch.webapp.synchroplan::feed::2025-06-12::2025-06-18. Read back length: 55385","Tag":0}
{"Level":"Info","Type":"Text","Message":"NASA CACHE GET START: neowatch.webapp.synchroplan::feed::2025-06-19::2025-06-25","Tag":0}
{"Level":"Info","Type":"Text","Message":"NASA CACHE GET VALUE LENGTH: neowatch.webapp.synchroplan::feed::2025-06-19::2025-06-25 -> 0","Tag":0}
{"Level":"Info","Type":"Text","Message":"NASA CACHE MISS: neowatch.webapp.synchroplan::feed::2025-06-19::2025-06-25","Tag":0}
{"Level":"Info","Type":"Text","Message":"NASA CACHE SET START: neowatch.webapp.synchroplan::feed::2025-06-19::2025-06-25. Value length: 55385","Tag":0}
{"Level":"Info","Type":"Text","Message":"NASA CACHE SET CHECK: neowatch.webapp.synchroplan::feed::2025-06-19::2025-06-25. Read back length: 55385","Tag":0}
{"Level":"Info","Type":"Text","Message":"NASA CACHE GET START: neowatch.webapp.synchroplan::feed::2025-06-26::2025-07-02","Tag":0}
{"Level":"Info","Type":"Text","Message":"NASA CACHE GET VALUE LENGTH: neowatch.webapp.synchroplan::feed::2025-06-26::2025-07-02 -> 0","Tag":0}
{"Level":"Info","Type":"Text","Message":"NASA CACHE MISS: neowatch.webapp.synchroplan::feed::2025-06-26::2025-07-02","Tag":0}
{"Level":"Info","Type":"Text","Message":"NASA CACHE SET START: neowatch.webapp.synchroplan::feed::2025-06-26::2025-07-02. Value length: 55385","Tag":0}
{"Level":"Info","Type":"Text","Message":"NASA CACHE SET CHECK: neowatch.webapp.synchroplan::feed::2025-06-26::2025-07-02. Read back length: 55385","Tag":0}
{"Level":"Info","Type":"Text","Message":"NASA CACHE GET START: neowatch.webapp.synchroplan::feed::2025-07-03::2025-07-09","Tag":0}
{"Level":"Info","Type":"Text","Message":"NASA CACHE GET VALUE LENGTH: neowatch.webapp.synchroplan::feed::2025-07-03::2025-07-09 -> 0","Tag":0}
{"Level":"Info","Type":"Text","Message":"NASA CACHE MISS: neowatch.webapp.synchroplan::feed::2025-07-03::2025-07-09","Tag":0}
{"Level":"Info","Type":"Text","Message":"NASA CACHE SET START: neowatch.webapp.synchroplan::feed::2025-07-03::2025-07-09. Value length: 55385","Tag":0}
{"Level":"Info","Type":"Text","Message":"NASA CACHE SET CHECK: neowatch.webapp.synchroplan::feed::2025-07-03::2025-07-09. Read back length: 55385","Tag":0}
{"Level":"Info","Type":"Text","Message":"NASA CACHE GET START: neowatch.webapp.synchroplan::feed::2025-07-10::2025-07-16","Tag":0}
{"Level":"Info","Type":"Text","Message":"NASA CACHE GET VALUE LENGTH: neowatch.webapp.synchroplan::feed::2025-07-10::2025-07-16 -> 0","Tag":0}
{"Level":"Info","Type":"Text","Message":"NASA CACHE MISS: neowatch.webapp.synchroplan::feed::2025-07-10::2025-07-16","Tag":0}
{"Level":"Info","Type":"Text","Message":"NASA CACHE SET START: neowatch.webapp.synchroplan::feed::2025-07-10::2025-07-16. Value length: 55385","Tag":0}
{"Level":"Info","Type":"Text","Message":"NASA CACHE SET CHECK: neowatch.webapp.synchroplan::feed::2025-07-10::2025-07-16. Read back length: 55385","Tag":0}
{"Level":"Info","Type":"Text","Message":"NASA CACHE GET START: neowatch.webapp.synchroplan::feed::2025-07-17::2025-07-23","Tag":0}
{"Level":"Info","Type":"Text","Message":"NASA CACHE GET VALUE LENGTH: neowatch.webapp.synchroplan::feed::2025-07-17::2025-07-23 -> 0","Tag":0}
{"Level":"Info","Type":"Text","Message":"NASA CACHE MISS: neowatch.webapp.synchroplan::feed::2025-07-17::2025-07-23","Tag":0}
{"Level":"Info","Type":"Text","Message":"NASA CACHE SET START: neowatch.webapp.synchroplan::feed::2025-07-17::2025-07-23. Value length: 55385","Tag":0}
{"Level":"Info","Type":"Text","Message":"NASA CACHE SET CHECK: neowatch.webapp.synchroplan::feed::2025-07-17::2025-07-23. Read back length: 55385","Tag":0}
{"Level":"Info","Type":"Text","Message":"NASA CACHE GET START: neowatch.webapp.synchroplan::feed::2025-07-24::2025-07-30","Tag":0}
{"Level":"Info","Type":"Text","Message":"NASA CACHE GET VALUE LENGTH: neowatch.webapp.synchroplan::feed::2025-07-24::2025-07-30 -> 0","Tag":0}
{"Level":"Info","Type":"Text","Message":"NASA CACHE MISS: neowatch.webapp.synchroplan::feed::2025-07-24::2025-07-30","Tag":0}
{"Level":"Info","Type":"Text","Message":"NASA CACHE SET START: neowatch.webapp.synchroplan::feed::2025-07-24::2025-07-30. Value length: 55385","Tag":0}
{"Level":"Info","Type":"Text","Message":"NASA CACHE SET CHECK: neowatch.webapp.synchroplan::feed::2025-07-24::2025-07-30. Read back length: 55385","Tag":0}
{"Level":"Info","Type":"Text","Message":"NASA CACHE GET START: neowatch.webapp.synchroplan::feed::2025-07-31::2025-08-06","Tag":0}
{"Level":"Info","Type":"Text","Message":"NASA CACHE GET VALUE LENGTH: neowatch.webapp.synchroplan::feed::2025-07-31::2025-08-06 -> 0","Tag":0}
{"Level":"Info","Type":"Text","Message":"NASA CACHE MISS: neowatch.webapp.synchroplan::feed::2025-07-31::2025-08-06","Tag":0}
{"Level":"Info","Type":"Text","Message":"NASA CACHE SET START: neowatch.webapp.synchroplan::feed::2025-07-31::2025-08-06. Value length: 55385","Tag":0}
{"Level":"Info","Type":"Text","Message":"NASA CACHE SET CHECK: neowatch.webapp.synchroplan::feed::2025-07-31::2025-08-06. Read back length: 55385","Tag":0}
{"Level":"Info","Type":"Text","Message":"NASA CACHE GET START: neowatch.webapp.synchroplan::feed::2025-08-07::2025-08-13","Tag":0}
{"Level":"Info","Type":"Text","Message":"NASA CACHE GET VALUE LENGTH: neowatch.webapp.synchroplan::feed::2025-08-07::2025-08-13 -> 0","Tag":0}
{"Level":"Info","Type":"Text","Message":"NASA CACHE MISS: neowatch.webapp.synchroplan::feed::2025-08-07::2025-08-13","Tag":0}
{"Level":"Info","Type":"Text","Message":"NASA CACHE SET START: neowatch.webapp.synchroplan::feed::2025-08-07::2025-08-13. Value length: 55385","Tag":0}
{"Level":"Info","Type":"Text","Message":"NASA CACHE SET CHECK: neowatch.webapp.synchroplan::feed::2025-08-07::2025-08-13. Read back length: 55385","Tag":0}
{"Level":"Info","Type":"Text","Message":"NASA CACHE GET START: neowatch.webapp.synchroplan::feed::2025-08-14::2025-08-20","Tag":0}
{"Level":"Info","Type":"Text","Message":"NASA CACHE GET VALUE LENGTH: neowatch.webapp.synchroplan::feed::2025-08-14::2025-08-20 -> 0","Tag":0}
{"Level":"Info","Type":"Text","Message":"NASA CACHE MISS: neowatch.webapp.synchroplan::feed::2025-08-14::2025-08-20","Tag":0}
{"Level":"Info","Type":"Text","Message":"NASA CACHE SET START: neowatch.webapp.synchroplan::feed::2025-08-14::2025-08-20. Value length: 55385","Tag":0}
{"Level":"Info","Type":"Text","Message":"NASA CACHE SET CHECK: neowatch.webapp.synchroplan::feed::2025-08-14::2025-08-20. Read back length: 55385","Tag":0}
{"Level":"Info","Type":"Text","Message":"NASA CACHE GET START: neowatch.webapp.synchroplan::feed::2025-08-21::2025-08-27","Tag":0}
{"Level":"Info","Type":"Text","Message":"NASA CACHE GET VALUE LENGTH: neowatch.webapp.synchroplan::feed::2025-08-21::2025-08-27 -> 0","Tag":0}
{"Level":"Info","Type":"Text","Message":"NASA CACHE MISS: neowatch.webapp.synchroplan::feed::2025-08-21::2025-08-27","Tag":0}
{"Level":"Info","Type":"Text","Message":"NASA CACHE SET START: neowatch.webapp.synchroplan::feed::2025-08-21::2025-08-27. Value length: 55385","Tag":0}
{"Level":"Info","Type":"Text","Message":"NASA CACHE SET CHECK: neowatch.webapp.synchroplan::feed::2025-08-21::2025-08-27. Read back length: 55385","Tag":0}
{"Level":"Info","Type":"Text","Message":"NASA CACHE GET START: neowatch.webapp.synchroplan::feed::2025-08-28::2025-09-03","Tag":0}
{"Level":"Info","Type":"Text","Message":"NASA CACHE GET VALUE LENGTH: neowatch.webapp.synchroplan::feed::2025-08-28::2025-09-03 -> 0","Tag":0}
{"Level":"Info","Type":"Text","Message":"NASA CACHE MISS: neowatch.webapp.synchroplan::feed::2025-08-28::2025-09-03","Tag":0}
{"Level":"Info","Type":"Text","Message":"NASA CACHE SET START: neowatch.webapp.synchroplan::feed::2025-08-28::2025-09-03. Value length: 55385","Tag":0}
{"Level":"Info","Type":"Text","Message":"NASA CACHE SET CHECK: neowatch.webapp.synchroplan::feed::2025-08-28::2025-09-03. Read back length: 55385","Tag":0}
{"Level":"Info","Type":"Text","Message":"NASA CACHE GET START: neowatch.webapp.synchroplan::feed::2025-09-04::2025-09-10","Tag":0}
{"Level":"Info","Type":"Text","Message":"NASA CACHE GET VALUE LENGTH: neowatch.webapp.synchroplan::feed::2025-09-04::2025-09-10 -> 0","Tag":0}
{"Level":"Info","Type":"Text","Message":"NASA CACHE MISS: neowatch.webapp.synchroplan::feed::2025-09-04::2025-09-10","Tag":0}
{"Level":"Info","Type":"Text","Message":"NASA CACHE SET START: neowatch.webapp.synchroplan::feed::2025-09-04::2025-09-10. Value length: 55385","Tag":0}
{"Level":"Info","Type":"Text","Message":"NASA CACHE SET CHECK: neowatch.webapp.synchroplan::feed::2025-09-04::2025-09-10. Read back length: 55385","Tag":0}
{"Level":"Info","Type":"Text","Message":"NASA CACHE GET START: neowatch.webapp.synchroplan::feed::2025-09-11::2025-09-17","Tag":0}
{"Level":"Info","Type":"Text","Message":"NASA CACHE GET VALUE LENGTH: neowatch.webapp.synchroplan::feed::2025-09-11::2025-09-17 -> 0","Tag":0}
{"Level":"Info","Type":"Text","Message":"NASA CACHE MISS: neowatch.webapp.synchroplan::feed::2025-09-11::2025-09-17","Tag":0}
{"Level":"Info","Type":"Text","Message":"NASA CACHE SET START: neowatch.webapp.synchroplan::feed::2025-09-11::2025-09-17. Value length: 55385","Tag":0}
{"Level":"Info","Type":"Text","Message":"NASA CACHE SET CHECK: neowatch.webapp.synchroplan::feed::2025-09-11::2025-09-17. Read back length: 55385","Tag":0}
{"Level":"Info","Type":"Text","Message":"NASA CACHE GET START: neowatch.webapp.synchroplan::feed::2025-09-18::2025-09-24","Tag":0}
{"Level":"Info","Type":"Text","Message":"NASA CACHE GET VALUE LENGTH: neowatch.webapp.synchroplan::feed::2025-09-18::2025-09-24 -> 0","Tag":0}
{"Level":"Info","Type":"Text","Message":"NASA CACHE MISS: neowatch.webapp.synchroplan::feed::2025-09-18::2025-09-24","Tag":0}
{"Level":"Info","Type":"Text","Message":"NASA CACHE SET START: neowatch.webapp.synchroplan::feed::2025-09-18::2025-09-24. Value length: 55385","Tag":0}
{"Level":"Info","Type":"Text","Message":"NASA CACHE SET CHECK: neowatch.webapp.synchroplan::feed::2025-09-18::2025-09-24. Read back length: 55385","Tag":0}
{"Level":"Info","Type":"Text","Message":"NASA CACHE GET START: neowatch.webapp.synchroplan::feed::2025-09-25::2025-10-01","Tag":0}
{"Level":"Info","Type":"Text","Message":"NASA CACHE GET VALUE LENGTH: neowatch.webapp.synchroplan::feed::2025-09-25::2025-10-01 -> 0","Tag":0}
{"Level":"Info","Type":"Text","Message":"NASA CACHE MISS: neowatch.webapp.synchroplan::feed::2025-09-25::2025-10-01","Tag":0}
{"Level":"Info","Type":"Text","Message":"NASA CACHE SET START: neowatch.webapp.synchroplan::feed::2025-09-25::2025-10-01. Value length: 55385","Tag":0}
{"Level":"Info","Type":"Text","Message":"NASA CACHE SET CHECK: neowatch.webapp.synchroplan::feed::2025-09-25::2025-10-01. Read back length: 55385","Tag":0}
{"Level":"Info","Type":"Text","Message":"NASA CACHE GET START: neowatch.webapp.synchroplan::feed::2025-10-02::2025-10-08","Tag":0}
{"Level":"Info","Type":"Text","Message":"NASA CACHE GET VALUE LENGTH: neowatch.webapp.synchroplan::feed::2025-10-02::2025-10-08 -> 0","Tag":0}
{"Level":"Info","Type":"Text","Message":"NASA CACHE MISS: neowatch.webapp.synchroplan::feed::2025-10-02::2025-10-08","Tag":0}
{"Level":"Info","Type":"Text","Message":"NASA CACHE SET START: neowatch.webapp.synchroplan::feed::2025-10-02::2025-10-08. Value length: 55385","Tag":0}
{"Level":"Info","Type":"Text","Message":"NASA CACHE SET CHECK: neowatch.webapp.synchroplan::feed::2025-10-02::2025-10-08. Read back length: 55385","Tag":0}
{"Level":"Info","Type":"Text","Message":"NASA CACHE GET START: neowatch.webapp.synchroplan::feed::2025-10-09::2025-10-15","Tag":0}
{"Level":"Info","Type":"Text","Message":"NASA CACHE GET VALUE LENGTH: neowatch.webapp.synchroplan::feed::2025-10-09::2025-10-15 -> 0","Tag":0}
{"Level":"Info","Type":"Text","Message":"NASA CACHE MISS: neowatch.webapp.synchroplan::feed::2025-10-09::2025-10-15","Tag":0}
{"Level":"Info","Type":"Text","Message":"NASA CACHE SET START: neowatch.webapp.synchroplan::feed::2025-10-09::2025-10-15. Value length: 55385","Tag":0}
{"Level":"Info","Type":"Text","Message":"NASA CACHE SET CHECK: neowatch.webapp.synchroplan::feed::2025-10-09::2025-10-15. Read back length: 55385","Tag":0}
{"Level":"Info","Type":"Text","Message":"NASA CACHE GET START: neowatch.webapp.synchroplan::feed::2025-10-16::2025-10-22","Tag":0}
{"Level":"Info","Type":"Text","Message":"NASA CACHE GET VALUE LENGTH: neowatch.webapp.synchroplan::feed::2025-10-16::2025-10-22 -> 0","Tag":0}
{"Level":"Info","Type":"Text","Message":"NASA CACHE MISS: neowatch.webapp.synchroplan::feed::2025-10-16::2025-10-22","Tag":0}
{"Level":"Info","Type":"Text","Message":"NASA CACHE SET START: neowatch.webapp.synchroplan::feed::2025-10-16::2025-10-22. Value length: 55385","Tag":0}
{"Level":"Info","Type":"Text","Message":"NASA CACHE SET CHECK: neowatch.webapp.synchroplan::feed::2025-10-16::2025-10-22. Read back length: 55385","Tag":0}
{"Level":"Info","Type":"Text","Message":"NASA CACHE GET START: neowatch.webapp.synchroplan::feed::2025-10-23::2025-10-29","Tag":0}
{"Level":"Info","Type":"Text","Message":"NASA CACHE GET VALUE LENGTH: neowatch.webapp.synchroplan::feed::2025-10-23::2025-10-29 -> 0","Tag":0}
{"Level":"Info","Type":"Text","Message":"NASA CACHE MISS: neowatch.webapp.synchroplan::feed::2025-10-23::2025-10-29","Tag":0}
{"Level":"Info","Type":"Text","Message":"NASA CACHE SET START: neowatch.webapp.synchroplan::feed::2025-10-23::2025-10-29. Value length: 55385","Tag":0}
{"Level":"Info","Type":"Text","Message":"NASA CACHE SET CHECK: neowatch.webapp.synchroplan::feed::2025-10-23::2025-10-29. Read back length: 55385","Tag":0}
{"Level":"Info","Type":"Text","Message":"NASA CACHE GET START: neowatch.webapp.synchroplan::feed::2025-10-30::2025-11-05","Tag":0}
{"Level":"Info","Type":"Text","Message":"NASA CACHE GET VALUE LENGTH: neowatch.webapp.synchroplan::feed::2025-10-30::2025-11-05 -> 0","Tag":0}
{"Level":"Info","Type":"Text","Message":"NASA CACHE MISS: neowatch.webapp.synchroplan::feed::2025-10-30::2025-11-05","Tag":0}
{"Level":"Info","Type":"Text","Message":"NASA CACHE SET START: neowatch.webapp.synchroplan::feed::2025-10-30::2025-11-05. Value length: 55385","Tag":0}
{"Level":"Info","Type":"Text","Message":"NASA CACHE SET CHECK: neowatch.webapp.synchroplan::feed::2025-10-30::2025-11-05. Read back length: 55385","Tag":0}
{"Level":"Info","Type":"Text","Message":"NASA CACHE GET START: neowatch.webapp.synchroplan::feed::2025-11-06::2025-11-12","Tag":0}
{"Level":"Info","Type":"Text","Message":"NASA CACHE GET VALUE LENGTH: neowatch.webapp.synchroplan::feed::2025-11-06::2025-11-12 -> 0","Tag":0}
{"Level":"Info","Type":"Text","Message":"NASA CACHE MISS: neowatch.webapp.synchroplan::feed::2025-11-06::2025-11-12","Tag":0}
{"Level":"Info","Type":"Text","Message":"NASA CACHE SET START: neowatch.webapp.synchroplan::feed::2025-11-06::2025-11-12. Value length: 55385","Tag":0}
{"Level":"Info","Type":"Text","Message":"NASA CACHE SET CHECK: neowatch.webapp.synchroplan::feed::2025-11-06::2025-11-12. Read back length: 55385","Tag":0}
{"Level":"Info","Type":"Text","Message":"NASA CACHE GET START: neowatch.webapp.synchroplan::feed::2025-11-13::2025-11-19","Tag":0}
{"Level":"Info","Type":"Text","Message":"NASA CACHE GET VALUE LENGTH: neowatch.webapp.synchroplan::feed::2025-11-13::2025-11-19 -> 0","Tag":0}
{"Level":"Info","Type":"Text","Message":"NASA CACHE MISS: neowatch.webapp.synchroplan::feed::2025-11-13::2025-11-19","Tag":0}
{"Level":"Info","Type":"Text","Message":"NASA CACHE SET START: neowatch.webapp.synchroplan::feed::2025-11-13::2025-11-19. Value length: 55385","Tag":0}
{"Level":"Info","Type":"Text","Message":"NASA CACHE SET CHECK: neowatch.webapp.synchroplan::feed::2025-11-13::2025-11-19. Read back length: 55385","Tag":0}
{"Level":"Info","Type":"Text","Message":"NASA CACHE GET START: neowatch.webapp.synchroplan::feed::2025-11-20::2025-11-26","Tag":0}
{"Level":"Info","Type":"Text","Message":"NASA CACHE GET VALUE LENGTH: neowatch.webapp.synchroplan::feed::2025-11-20::2025-11-26 -> 0","Tag":0}
{"Level":"Info","Type":"Text","Message":"NASA CACHE MISS: neowatch.webapp.synchroplan::feed::2025-11-20::2025-11-26","Tag":0}
{"Level":"Info","Type":"Text","Message":"NASA CACHE SET START: neowatch.webapp.synchroplan::feed::2025-11-20::2025-11-26. Value length: 55385","Tag":0}
{"Level":"Info","Type":"Text","Message":"NASA CACHE SET CHECK: neowatch.webapp.synchroplan::feed::2025-11-20::2025-11-26. Read back length: 55385","Tag":0}
{"Level":"Info","Type":"Text","Message":"NASA CACHE GET START: neowatch.webapp.synchroplan::feed::2025-11-27::2025-12-03","Tag":0}
{"Level":"Info","Type":"Text","Message":"NASA CACHE GET VALUE LENGTH: neowatch.webapp.synchroplan::feed::2025-11-27::2025-12-03 -> 0","Tag":0}
{"Level":"Info","Type":"Text","Message":"NASA CACHE MISS: neowatch.webapp.synchroplan::feed::2025-11-27::2025-12-03","Tag":0}
{"Level":"Info","Type":"Text","Message":"NASA CACHE SET START: neowatch.webapp.synchroplan::feed::2025-11-27::2025-12-03. Value length: 55385","Tag":0}
{"Level":"Info","Type":"Text","Message":"NASA CACHE SET CHECK: neowatch.webapp.synchroplan::feed::2025-11-27::2025-12-03. Read back length: 55385","Tag":0}
{"Level":"Info","Type":"Text","Message":"NASA CACHE GET START: neowatch.webapp.synchroplan::feed::2025-12-04::2025-12-10","Tag":0}
{"Level":"Info","Type":"Text","Message":"NASA CACHE GET VALUE LENGTH: neowatch.webapp.synchroplan::feed::2025-12-04::2025-12-10 -> 0","Tag":0}
{"Level":"Info","Type":"Text","Message":"NASA CACHE MISS: neowatch.webapp.synchroplan::feed::2025-12-04::2025-12-10","Tag":0}
{"Level":"Info","Type":"Text","Message":"NASA CACHE SET START: neowatch.webapp.synchroplan::feed::2025-12-04::2025-12-10. Value length: 55385","Tag":0}
{"Level":"Info","Type":"Text","Message":"NASA CACHE SET CHECK: neowatch.webapp.synchroplan::feed::2025-12-04::2025-12-10. Read back length: 55385","Tag":0}
{"Level":"Info","Type":"Text","Message":"NASA CACHE GET START: neowatch.webapp.synchroplan::feed::2025-12-11::2025-12-17","Tag":0}
{"Level":"Info","Type":"Text","Message":"NASA CACHE GET VALUE LENGTH: neowatch.webapp.synchroplan::feed::2025-12-11::2025-12-17 -> 0","Tag":0}
{"Level":"Info","Type":"Text","Message":"NASA CACHE MISS: neowatch.webapp.synchroplan::feed::2025-12-11::2025-12-17","Tag":0}
{"Level":"Info","Type":"Text","Message":"NASA CACHE SET START: neowatch.webapp.synchroplan::feed::2025-12-11::2025-12-17. Value length: 55385","Tag":0}
{"Level":"Info","Type":"Text","Message":"NASA CACHE SET CHECK: neowatch.webapp.synchroplan::feed::2025-12-11::2025-12-17. Read back length: 55385","Tag":0}
{"Level":"Info","Type":"Text","Message":"NASA CACHE GET START: neowatch.webapp.synchroplan::feed::2025-12-18::2025-12-24","Tag":0}
{"Level":"Info","Type":"Text","Message":"NASA CACHE GET VALUE LENGTH: neowatch.webapp.synchroplan::feed::2025-12-18::2025-12-24 -> 0","Tag":0}
{"Level":"Info","Type":"Text","Message":"NASA CACHE MISS: neowatch.webapp.synchroplan::feed::2025-12-18::2025-12-24","Tag":0}
{"Level":"Info","Type":"Text","Message":"NASA CACHE SET START: neowatch.webapp.synchroplan::feed::2025-12-18::2025-12-24. Value length: 55385","Tag":0}
{"Level":"Info","Type":"Text","Message":"NASA CACHE SET CHECK: neowatch.webapp.synchroplan::feed::2025-12-18::2025-12-24. Read back length: 55385","Tag":0}
{"Level":"Info","Type":"Text","Message":"NASA CACHE GET START: neowatch.webapp.synchroplan::feed::2025-12-25::2025-12-31","Tag":0}
{"Level":"Info","Type":"Text","Message":"NASA CACHE GET VALUE LENGTH: neowatch.webapp.synchroplan::feed::2025-12-25::2025-12-31 -> 0","Tag":0}
{"Level":"Info","Type":"Text","Message":"NASA CACHE MISS: neowatch.webapp.synchroplan::feed::2025-12-25::2025-12-31","Tag":0}
{"Level":"Info","Type":"Text","Message":"NASA CACHE SET START: neowatch.webapp.synchroplan::feed::2025-12-25::2025-12-31. Value length: 55385","Tag":0}
{"Level":"Info","Type":"Text","Message":"NASA CACHE SET CHECK: neowatch.webapp.synchroplan::feed::2025-12-25::2025-12-31. Read back length: 55385","Tag":0}
{"Level":"Info","Type":"Text","Message":"NASA CACHE GET START: neowatch.webapp.synchroplan::feed::2026-01-01::2026-01-07","Tag":0}
{"Level":"Info","Type":"Text","Message":"NASA CACHE GET VALUE LENGTH: neowatch.webapp.synchroplan::feed::2026-01-01::2026-01-07 -> 0","Tag":0}
{"Level":"Info","Type":"Text","Message":"NASA CACHE MISS: neowatch.webapp.synchroplan::feed::2026-01-01::2026-01-07","Tag":0}
{"Level":"Info","Type":"Text","Message":"NASA CACHE SET START: neowatch.webapp.synchroplan::feed::2026-01-01::2026-01-07. Value length: 55385","Tag":0}
{"Level":"Info","Type":"Text","Message":"NASA CACHE SET CHECK: neowatch.webapp.synchroplan::feed::2026-01-01::2026-01-07. Read back length: 55385","Tag":0}
{"Level":"Info","Type":"Text","Message":"NASA CACHE GET START: neowatch.webapp.synchroplan::feed::2026-01-08::2026-01-14","Tag":0}
{"Level":"Info","Type":"Text","Message":"NASA CACHE GET VALUE LENGTH: neowatch.webapp.synchroplan::feed::2026-01-08::2026-01-14 -> 0","Tag":0}
{"Level":"Info","Type":"Text","Message":"NASA CACHE MISS: neowatch.webapp.synchroplan::feed::2026-01-08::2026-01-14","Tag":0}
{"Level":"Info","Type":"Text","Message":"NASA CACHE SET START: neowatch.webapp.synchroplan::feed::2026-01-08::2026-01-14. Value length: 55385","Tag":0}
{"Level":"Info","Type":"Text","Message":"NASA CACHE SET CHECK: neowatch.webapp.synchroplan::feed::2026-01-08::2026-01-14. Read back length: 55385","Tag":0}
{"Level":"Info","Type":"Text","Message":"NASA CACHE GET START: neowatch.webapp.synchroplan::feed::2026-01-15::2026-01-21","Tag":0}
{"Level":"Info","Type":"Text","Message":"NASA CACHE GET VALUE LENGTH: neowatch.webapp.synchroplan::feed::2026-01-15::2026-01-21 -> 0","Tag":0}
{"Level":"Info","Type":"Text","Message":"NASA CACHE MISS: neowatch.webapp.synchroplan::feed::2026-01-15::2026-01-21","Tag":0}
{"Level":"Info","Type":"Text","Message":"NASA CACHE SET START: neowatch.webapp.synchroplan::feed::2026-01-15::2026-01-21. Value length: 55385","Tag":0}
{"Level":"Info","Type":"Text","Message":"NASA CACHE SET CHECK: neowatch.webapp.synchroplan::feed::2026-01-15::2026-01-21. Read back length: 55385","Tag":0}
{"Level":"Info","Type":"Text","Message":"NASA CACHE GET START: neowatch.webapp.synchroplan::feed::2026-01-22::2026-01-28","Tag":0}
{"Level":"Info","Type":"Text","Message":"NASA CACHE GET VALUE LENGTH: neowatch.webapp.synchroplan::feed::2026-01-22::2026-01-28 -> 0","Tag":0}
{"Level":"Info","Type":"Text","Message":"NASA CACHE MISS: neowatch.webapp.synchroplan::feed::2026-01-22::2026-01-28","Tag":0}
{"Level":"Info","Type":"Text","Message":"NASA CACHE SET START: neowatch.webapp.synchroplan::feed::2026-01-22::2026-01-28. Value length: 55385","Tag":0}
{"Level":"Info","Type":"Text","Message":"NASA CACHE SET CHECK: neowatch.webapp.synchroplan::feed::2026-01-22::2026-01-28. Read back length: 55385","Tag":0}
{"Level":"Info","Type":"Text","Message":"NASA CACHE GET START: neowatch.webapp.synchroplan::feed::2026-01-29::2026-02-04","Tag":0}
{"Level":"Info","Type":"Text","Message":"NASA CACHE GET VALUE LENGTH: neowatch.webapp.synchroplan::feed::2026-01-29::2026-02-04 -> 0","Tag":0}
{"Level":"Info","Type":"Text","Message":"NASA CACHE MISS: neowatch.webapp.synchroplan::feed::2026-01-29::2026-02-04","Tag":0}
{"Level":"Info","Type":"Text","Message":"NASA CACHE SET START: neowatch.webapp.synchroplan::feed::2026-01-29::2026-02-04. Value length: 55385","Tag":0}
{"Level":"Info","Type":"Text","Message":"NASA CACHE SET CHECK: neowatch.webapp.synchroplan::feed::2026-01-29::2026-02-04. Read back length: 55385","Tag":0}
{"Level":"Info","Type":"Text","Message":"NASA CACHE GET START: neowatch.webapp.synchroplan::feed::2026-02-05::2026-02-11","Tag":0}
{"Level":"Info","Type":"Text","Message":"NASA CACHE GET VALUE LENGTH: neowatch.webapp.synchroplan::feed::2026-02-05::2026-02-11 -> 0","Tag":0}
{"Level":"Info","Type":"Text","Message":"NASA CACHE MISS: neowatch.webapp.synchroplan::feed::2026-02-05::2026-02-11","Tag":0}
{"Level":"Info","Type":"Text","Message":"NASA CACHE SET START: neowatch.webapp.synchroplan::feed::2026-02-05::2026-02-11. Value length: 55385","Tag":0}
{"Level":"Info","Type":"Text","Message":"NASA CACHE SET CHECK: neowatch.webapp.synchroplan::feed::2026-02-05::2026-02-11. Read back length: 55385","Tag":0}
{"Level":"Info","Type":"Text","Message":"NASA CACHE GET START: neowatch.webapp.synchroplan::feed::2026-02-12::2026-02-18","Tag":0}
{"Level":"Info","Type":"Text","Message":"NASA CACHE GET VALUE LENGTH: neowatch.webapp.synchroplan::feed::2026-02-12::2026-02-18 -> 0","Tag":0}
{"Level":"Info","Type":"Text","Message":"NASA CACHE MISS: neowatch.webapp.synchroplan::feed::2026-02-12::2026-02-18","Tag":0}
{"Level":"Info","Type":"Text","Message":"NASA CACHE SET START: neowatch.webapp.synchroplan::feed::2026-02-12::2026-02-18. Value length: 55385","Tag":0}
{"Level":"Info","Type":"Text","Message":"NASA CACHE SET CHECK: neowatch.webapp.synchroplan::feed::2026-02-12::2026-02-18. Read back length: 55385","Tag":0}
{"Level":"Info","Type":"Text","Message":"NASA CACHE GET START: neowatch.webapp.synchroplan::feed::2026-02-19::2026-02-25","Tag":0}
{"Level":"Info","Type":"Text","Message":"NASA CACHE GET VALUE LENGTH: neowatch.webapp.synchroplan::feed::2026-02-19::2026-02-25 -> 0","Tag":0}
{"Level":"Info","Type":"Text","Message":"NASA CACHE MISS: neowatch.webapp.synchroplan::feed::2026-02-19::2026-02-25","Tag":0}
{"Level":"Info","Type":"Text","Message":"NASA CACHE SET START: neowatch.webapp.synchroplan::feed::2026-02-19::2026-02-25. Value length: 55385","Tag":0}
{"Level":"Info","Type":"Text","Message":"NASA CACHE SET CHECK: neowatch.webapp.synchroplan::feed::2026-02-19::2026-02-25. Read back length: 55385","Tag":0}
{"Level":"Info","Type":"Text","Message":"NASA CACHE GET START: neowatch.webapp.synchroplan::feed::2026-02-26::2026-03-04","Tag":0}
{"Level":"Info","Type":"Text","Message":"NASA CACHE GET VALUE LENGTH: neowatch.webapp.synchroplan::feed::2026-02-26::2026-03-04 -> 0","Tag":0}
{"Level":"Info","Type":"Text","Message":"NASA CACHE MISS: neowatch.webapp.synchroplan::feed::2026-02-26::2026-03-04","Tag":0}
{"Level":"Info","Type":"Text","Message":"NASA CACHE SET START: neowatch.webapp.synchroplan::feed::2026-02-26::2026-03-04. Value length: 55385","Tag":0}
{"Level":"Info","Type":"Text","Message":"NASA CACHE SET CHECK: neowatch.webapp.synchroplan::feed::2026-02-26::2026-03-04. Read back length: 55385","Tag":0}
{"Level":"Info","Type":"Text","Message":"NASA CACHE GET START: neowatch.webapp.synchroplan::feed::2026-03-05::2026-03-11","Tag":0}
{"Level":"Info","Type":"Text","Message":"NASA CACHE GET VALUE LENGTH: neowatch.webapp.synchroplan::feed::2026-03-05::2026-03-11 -> 0","Tag":0}
{"Level":"Info","Type":"Text","Message":"NASA CACHE MISS: neowatch.webapp.synchroplan::feed::2026-03-05::2026-03-11","Tag":0}
{"Level":"Info","Type":"Text","Message":"NASA CACHE SET START: neowatch.webapp.synchroplan::feed::2026-03-05::2026-03-11. Value length: 55385","Tag":0}
{"Level":"Info","Type":"Text","Message":"NASA CACHE SET CHECK: neowatch.webapp.synchroplan::feed::2026-03-05::2026-03-11. Read back length: 55385","Tag":0}
{"Level":"Info","Type":"Text","Message":"NASA CACHE GET START: neowatch.webapp.synchroplan::feed::2026-03-12::2026-03-18","Tag":0}
{"Level":"Info","Type":"Text","Message":"NASA CACHE GET VALUE LENGTH: neowatch.webapp.synchroplan::feed::2026-03-12::2026-03-18 -> 0","Tag":0}
{"Level":"Info","Type":"Text","Message":"NASA CACHE MISS: neowatch.webapp.synchroplan::feed::2026-03-12::2026-03-18","Tag":0}
{"Level":"Info","Type":"Text","Message":"NASA CACHE SET START: neowatch.webapp.synchroplan::feed::2026-03-12::2026-03-18. Value length: 55385","Tag":0}
{"Level":"Info","Type":"Text","Message":"NASA CACHE SET CHECK: neowatch.webapp.synchroplan::feed::2026-03-12::2026-03-18. Read back length: 55385","Tag":0}
{"Level":"Info","Type":"Text","Message":"NASA CACHE GET START: neowatch.webapp.synchroplan::feed::2026-03-19::2026-03-25","Tag":0}
{"Level":"Info","Type":"Text","Message":"NASA CACHE GET VALUE LENGTH: neowatch.webapp.synchroplan::feed::2026-03-19::2026-03-25 -> 0","Tag":0}
{"Level":"Info","Type":"Text","Message":"NASA CACHE MISS: neowatch.webapp.synchroplan::feed::2026-03-19::2026-03-25","Tag":0}
{"Level":"Info","Type":"Text","Message":"NASA CACHE SET START: neowatch.webapp.synchroplan::feed::2026-03-19::2026-03-25. Value length: 55385","Tag":0}
{"Level":"Info","Type":"Text","Message":"NASA CACHE SET CHECK: neowatch.webapp.synchroplan::feed::2026-03-19::2026-03-25. Read back length: 55385","Tag":0}
{"Level":"Info","Type":"Text","Message":"NASA CACHE GET START: neowatch.webapp.synchroplan::feed::2026-03-26::2026-04-01","Tag":0}
{"Level":"Info","Type":"Text","Message":"NASA CACHE GET VALUE LENGTH: neowatch.webapp.synchroplan::feed::2026-03-26::2026-04-01 -> 0","Tag":0}
{"Level":"Info","Type":"Text","Message":"NASA CACHE MISS: neowatch.webapp.synchroplan::feed::2026-03-26::2026-04-01","Tag":0}
{"Level":"Info","Type":"Text","Message":"NASA CACHE SET START: neowatch.webapp.synchroplan::feed::2026-03-26::2026-04-01. Value length: 55385","Tag":0}
{"Level":"Info","Type":"Text","Message":"NASA CACHE SET CHECK: neowatch.webapp.synchroplan::feed::2026-03-26::2026-04-01. Read back length: 55385","Tag":0}
{"Level":"Info","Type":"Text","Message":"NASA CACHE GET START: neowatch.webapp.synchroplan::feed::2026-04-02::2026-04-08","Tag":0}
{"Level":"Info","Type":"Text","Message":"NASA CACHE GET VALUE LENGTH: neowatch.webapp.synchroplan::feed::2026-04-02::2026-04-08 -> 0","Tag":0}
{"Level":"Info","Type":"Text","Message":"NASA CACHE MISS: neowatch.webapp.synchroplan::feed::2026-04-02::2026-04-08","Tag":0}
{"Level":"Info","Type":"Text","Message":"NASA CACHE SET START: neowatch.webapp.synchroplan::feed::2026-04-02::2026-04-08. Value length: 55385","Tag":0}
{"Level":"Info","Type":"Text","Message":"NASA CACHE SET CHECK: neowatch.webapp.synchroplan::feed::2026-04-02::2026-04-08. Read back length: 55385","Tag":0}
{"Level":"Info","Type":"Text","Message":"NASA CACHE GET START: neowatch.webapp.synchroplan::feed::2026-04-09::2026-04-15","Tag":0}
{"Level":"Info","Type":"Text","Message":"NASA CACHE GET VALUE LENGTH: neowatch.webapp.synchroplan::feed::2026-04-09::2026-04-15 -> 0","Tag":0}
{"Level":"Info","Type":"Text","Message":"NASA CACHE MISS: neowatch.webapp.synchroplan::feed::2026-04-09::2026-04-15","Tag":0}
{"Level":"Info","Type":"Text","Message":"NASA CACHE SET START: neowatch.webapp.synchroplan::feed::2026-04-09::2026-04-15. Value length: 55385","Tag":0}
{"Level":"Info","Type":"Text","Message":"NASA CACHE SET CHECK: neowatch.webapp.synchroplan::feed::2026-04-09::2026-04-15. Read back length: 55385","Tag":0}
{"Level":"Info","Type":"Text","Message":"NASA CACHE GET START: neowatch.webapp.synchroplan::feed::2026-04-16::2026-04-22","Tag":0}
{"Level":"Info","Type":"Text","Message":"NASA CACHE GET VALUE LENGTH: neowatch.webapp.synchroplan::feed::2026-04-16::2026-04-22 -> 0","Tag":0}
{"Level":"Info","Type":"Text","Message":"NASA CACHE MISS: neowatch.webapp.synchroplan::feed::2026-04-16::2026-04-22","Tag":0}
{"Level":"Info","Type":"Text","Message":"NASA CACHE SET START: neowatch.webapp.synchroplan::feed::2026-04-16::2026-04-22. Value length: 55385","Tag":0}
{"Level":"Info","Type":"Text","Message":"NASA CACHE SET CHECK: neowatch.webapp.synchroplan::feed::2026-04-16::2026-04-22. Read back length: 55385","Tag":0}
{"Level":"Info","Type":"Text","Message":"NASA CACHE GET START: neowatch.webapp.synchroplan::feed::2026-04-23::2026-04-29","Tag":0}
{"Level":"Info","Type":"Text","Message":"NASA CACHE GET VALUE LENGTH: neowatch.webapp.synchroplan::feed::2026-04-23::2026-04-29 -> 0","Tag":0}
{"Level":"Info","Type":"Text","Message":"NASA CACHE MISS: neowatch.webapp.synchroplan::feed::2026-04-23::2026-04-29","Tag":0}
{"Level":"Info","Type":"Text","Message":"NASA CACHE SET START: neowatch.webapp.synchroplan::feed::2026-04-23::2026-04-29. Value length: 55385","Tag":0}
{"Level":"Info","Type":"Text","Message":"NASA CACHE SET CHECK: neowatch.webapp.synchroplan::feed::2026-04-23::2026-04-29. Read back length: 55385","Tag":0}
{"Level":"Info","Type":"Text","Message":"NASA CACHE GET START: neowatch.webapp.synchroplan::feed::2026-04-30::2026-05-06","Tag":0}
{"Level":"Info","Type":"Text","Message":"NASA CACHE GET VALUE LENGTH: neowatch.webapp.synchroplan::feed::2026-04-30::2026-05-06 -> 0","Tag":0}
{"Level":"Info","Type":"Text","Message":"NASA CACHE MISS: neowatch.webapp.synchroplan::feed::2026-04-30::2026-05-06","Tag":0}
{"Level":"Info","Type":"Text","Message":"NASA CACHE SET START: neowatch.webapp.synchroplan::feed::2026-04-30::2026-05-06. Value length: 55385","Tag":0}
{"Level":"Info","Type":"Text","Message":"NASA CACHE SET CHECK: neowatch.webapp.synchroplan::feed::2026-04-30::2026-05-06. Read back length: 55385","Tag":0}
{"Level":"Info","Type":"Text","Message":"NASA CACHE GET START: neowatch.webapp.synchroplan::feed::2026-05-07::2026-05-13","Tag":0}
{"Level":"Info","Type":"Text","Message":"NASA CACHE GET VALUE LENGTH: neowatch.webapp.synchroplan::feed::2026-05-07::2026-05-13 -> 0","Tag":0}
{"Level":"Info","Type":"Text","Message":"NASA CACHE MISS: neowatch.webapp.synchroplan::feed::2026-05-07::2026-05-13","Tag":0}
{"Level":"Info","Type":"Text","Message":"NASA CACHE SET START: neowatch.webapp.synchroplan::feed::2026-05-07::2026-05-13. Value length: 55385","Tag":0}
{"Level":"Info","Type":"Text","Message":"NASA CACHE SET CHECK: neowatch.webapp.synchroplan::feed::2026-05-07::2026-05-13. Read back length: 55385","Tag":0}
{"Level":"Info","Type":"Text","Message":"NASA CACHE GET START: neowatch.webapp.synchroplan::feed::2026-05-14::2026-05-15","Tag":0}
{"Level":"Info","Type":"Text","Message":"NASA CACHE GET VALUE LENGTH: neowatch.webapp.synchroplan::feed::2026-05-14::2026-05-15 -> 0","Tag":0}
{"Level":"Info","Type":"Text","Message":"NASA CACHE MISS: neowatch.webapp.synchroplan::feed::2026-05-14::2026-05-15","Tag":0}
{"Level":"Info","Type":"Text","Message":"NASA CACHE SET START: neowatch.webapp.synchroplan::feed::2026-05-14::2026-05-15. Value length: 55385","Tag":0}
{"Level":"Info","Type":"Text","Message":"NASA CACHE SET CHECK: neowatch.webapp.synchroplan::feed::2026-05-14::2026-05-15. Read back length: 55385","Tag":0}
{"Level":"Info","Type":"Text","Message":"NASA CACHE GET START: neowatch.webapp.synchroplan::feed::2026-05-08::2026-05-14","Tag":0}
{"Level":"Info","Type":"Text","Message":"NASA CACHE GET VALUE LENGTH: neowatch.webapp.synchroplan::feed::2026-05-08::2026-05-14 -> 55385","Tag":0}
{"Level":"Info","Type":"Text","Message":"NASA CACHE HIT: neowatch.webapp.synchroplan::feed::2026-05-08::2026-05-14","Tag":0}
{"Level":"Info","Type":"Text","Message":"NASA CACHE GET START: neowatch.webapp.synchroplan::feed::2026-05-15::2026-05-15","Tag":0}
{"Level":"Info","Type":"Text","Message":"NASA CACHE GET VALUE LENGTH: neowatch.webapp.synchroplan::feed::2026-05-15::2026-05-15 -> 55385","Tag":0}
{"Level":"Info","Type":"Text","Message":"NASA CACHE HIT: neowatch.webapp.synchroplan::feed::2026-05-15::2026-05-15","Tag":0}
{"Level":"Info","Type":"Text","Message":"NASA CACHE GET START: neowatch.webapp.synchroplan::feed::2024-03-01::2024-03-07","Tag":0}
{"Level":"Info","Type":"Text","Message":"NASA CACHE GET VALUE LENGTH: neowatch.webapp.synchroplan::feed::2024-03-01::2024-03-07 -> 60095","Tag":0}
{"Level":"Info","Type":"Text","Message":"NASA CACHE HIT: neowatch.webapp.synchroplan::feed::2024-03-01::2024-03-07","Tag":0}
{"Level":"Info","Type":"Text","Message":"NASA CACHE GET START: neowatch.webapp.synchroplan::feed::2024-03-08::2024-03-14","Tag":0}
{"Level":"Info","Type":"Text","Message":"NASA CACHE GET VALUE LENGTH: neowatch.webapp.synchroplan::feed::2024-03-08::2024-03-14 -> 60095","Tag":0}
{"Level":"Info","Type":"Text","Message":"NASA CACHE HIT: neowatch.webapp.synchroplan::feed::2024-03-08::2024-03-14","Tag":0}
{"Level":"Info","Type":"Text","Message":"NASA CACHE GET START: neowatch.webapp.synchroplan::feed::2024-03-15::2024-03-20","Tag":0}
{"Level":"Info","Type":"Text","Message":"NASA CACHE GET VALUE LENGTH: neowatch.webapp.synchroplan::feed::2024-03-15::2024-03-20 -> 0","Tag":0}
{"Level":"Info","Type":"Text","Message":"NASA CACHE MISS: neowatch.webapp.synchroplan::feed::2024-03-15::2024-03-20","Tag":0}
{"Level":"Info","Type":"Text","Message":"NASA CACHE SET START: neowatch.webapp.synchroplan::feed::2024-03-15::2024-03-20. Value length: 55385","Tag":0}
{"Level":"Info","Type":"Text","Message":"NASA CACHE SET CHECK: neowatch.webapp.synchroplan::feed::2024-03-15::2024-03-20. Read back length: 55385","Tag":0}
{"Level":"Info","Type":"Text","Message":"NASA CACHE GET START: neowatch.webapp.synchroplan::asteroid::3092303","Tag":0}
{"Level":"Info","Type":"Text","Message":"NASA CACHE GET VALUE LENGTH: neowatch.webapp.synchroplan::asteroid::3092303 -> 8560","Tag":0}
{"Level":"Info","Type":"Text","Message":"NASA CACHE HIT: neowatch.webapp.synchroplan::asteroid::3092303","Tag":0}
{"Level":"Info","Type":"Text","Message":"NASA CACHE GET START: neowatch.webapp.synchroplan::asteroid::54607489","Tag":0}
{"Level":"Info","Type":"Text","Message":"NASA CACHE GET VALUE LENGTH: neowatch.webapp.synchroplan::asteroid::54607489 -> 0","Tag":0}
{"Level":"Info","Type":"Text","Message":"NASA CACHE MISS: neowatch.webapp.synchroplan::asteroid::54607489","Tag":0}
{"Level":"Info","Type":"Text","Message":"NASA CACHE SET START: neowatch.webapp.synchroplan::asteroid::54607489. Value length: 2213","Tag":0}
{"Level":"Info","Type":"Text","Message":"NASA CACHE SET CHECK: neowatch.webapp.synchroplan::asteroid::54607489. Read back length: 2213","Tag":0}
{"Level":"Info","Type":"Text","Message":"NASA CACHE GET START: neowatch.webapp.synchroplan::feed::2026-05-08::2026-05-14","Tag":0}
{"Level":"Info","Type":"Text","Message":"NASA CACHE GET VALUE LENGTH: neowatch.webapp.synchroplan::feed::2026-05-08::2026-05-14 -> 55385","Tag":0}
{"Level":"Info","Type":"Text","Message":"NASA CACHE HIT: neowatch.webapp.synchroplan::feed::2026-05-08::2026-05-14","Tag":0}
{"Level":"Info","Type":"Text","Message":"NASA CACHE GET START: neowatch.webapp.synchroplan::feed::2026-05-15::2026-05-15","Tag":0}
{"Level":"Info","Type":"Text","Message":"NASA CACHE GET VALUE LENGTH: neowatch.webapp.synchroplan::feed::2026-05-15::2026-05-15 -> 55385","Tag":0}
{"Level":"Info","Type":"Text","Message":"NASA CACHE HIT: neowatch.webapp.synchroplan::feed::2026-05-15::2026-05-15","Tag":0}
{"Level":"Info","Type":"Text","Message":"NASA CACHE GET START: neowatch.webapp.synchroplan::feed::2026-05-08::2026-05-14","Tag":0}
{"Level":"Info","Type":"Text","Message":"NASA CACHE GET VALUE LENGTH: neowatch.webapp.synchroplan::feed::2026-05-08::2026-05-14 -> 55385","Tag":0}
{"Level":"Info","Type":"Text","Message":"NASA CACHE HIT: neowatch.webapp.synchroplan::feed::2026-05-08::2026-05-14","Tag":0}
{"Level":"Info","Type":"Text","Message":"NASA CACHE GET START: neowatch.webapp.synchroplan::feed::2026-05-15::2026-05-15","Tag":0}
{"Level":"Info","Type":"Text","Message":"NASA CACHE GET VALUE LENGTH: neowatch.webapp.synchroplan::feed::2026-05-15::2026-05-15 -> 55385","Tag":0}
{"Level":"Info","Type":"Text","Message":"NASA CACHE HIT: neowatch.webapp.synchroplan::feed::2026-05-15::2026-05-15","Tag":0}
{"Level":"Info","Type":"Text","Message":"NASA CACHE GET START: neowatch.webapp.synchroplan::feed::2026-05-08::2026-05-14","Tag":0}
{"Level":"Info","Type":"Text","Message":"NASA CACHE GET VALUE LENGTH: neowatch.webapp.synchroplan::feed::2026-05-08::2026-05-14 -> 55385","Tag":0}
{"Level":"Info","Type":"Text","Message":"NASA CACHE HIT: neowatch.webapp.synchroplan::feed::2026-05-08::2026-05-14","Tag":0}
{"Level":"Info","Type":"Text","Message":"NASA CACHE GET START: neowatch.webapp.synchroplan::feed::2026-05-15::2026-05-15","Tag":0}
{"Level":"Info","Type":"Text","Message":"NASA CACHE GET VALUE LENGTH: neowatch.webapp.synchroplan::feed::2026-05-15::2026-05-15 -> 55385","Tag":0}
{"Level":"Info","Type":"Text","Message":"NASA CACHE HIT: neowatch.webapp.synchroplan::feed::2026-05-15::2026-05-15","Tag":0}
{"Level":"Info","Type":"Text","Message":"NASA CACHE GET START: neowatch.webapp.synchroplan::asteroid::3733939","Tag":0}
{"Level":"Info","Type":"Text","Message":"NASA CACHE GET VALUE LENGTH: neowatch.webapp.synchroplan::asteroid::3733939 -> 5185","Tag":0}
{"Level":"Info","Type":"Text","Message":"NASA CACHE HIT: neowatch.webapp.synchroplan::asteroid::3733939","Tag":0}
{"Level":"Info","Type":"Text","Message":"NASA CACHE GET START: neowatch.webapp.synchroplan::feed::2026-05-08::2026-05-14","Tag":0}
{"Level":"Info","Type":"Text","Message":"NASA CACHE GET VALUE LENGTH: neowatch.webapp.synchroplan::feed::2026-05-08::2026-05-14 -> 55385","Tag":0}
{"Level":"Info","Type":"Text","Message":"NASA CACHE HIT: neowatch.webapp.synchroplan::feed::2026-05-08::2026-05-14","Tag":0}
{"Level":"Info","Type":"Text","Message":"NASA CACHE GET START: neowatch.webapp.synchroplan::feed::2026-05-15::2026-05-15","Tag":0}
{"Level":"Info","Type":"Text","Message":"NASA CACHE GET VALUE LENGTH: neowatch.webapp.synchroplan::feed::2026-05-15::2026-05-15 -> 55385","Tag":0}
{"Level":"Info","Type":"Text","Message":"NASA CACHE HIT: neowatch.webapp.synchroplan::feed::2026-05-15::2026-05-15","Tag":0}
{"Level":"Info","Type":"Text","Message":"NASA CACHE GET START: neowatch.webapp.synchroplan::asteroid::3733939","Tag":0}
{"Level":"Info","Type":"Text","Message":"NASA CACHE GET VALUE LENGTH: neowatch.webapp.synchroplan::asteroid::3733939 -> 5185","Tag":0}
{"Level":"Info","Type":"Text","Message":"NASA CACHE HIT: neowatch.webapp.synchroplan::asteroid::3733939","Tag":0}
{"Level":"Info","Type":"Text","Message":"NASA CACHE GET START: neowatch.webapp.synchroplan::asteroid::3733939","Tag":0}
{"Level":"Info","Type":"Text","Message":"NASA CACHE GET VALUE LENGTH: neowatch.webapp.synchroplan::asteroid::3733939 -> 5185","Tag":0}
{"Level":"Info","Type":"Text","Message":"NASA CACHE HIT: neowatch.webapp.synchroplan::asteroid::3733939","Tag":0}
{"Level":"Info","Type":"Text","Message":"NASA CACHE GET START: neowatch.webapp.synchroplan::asteroid::3602622","Tag":0}
{"Level":"Info","Type":"Text","Message":"NASA CACHE GET VALUE LENGTH: neowatch.webapp.synchroplan::asteroid::3602622 -> 14441","Tag":0}
{"Level":"Info","Type":"Text","Message":"NASA CACHE HIT: neowatch.webapp.synchroplan::asteroid::3602622","Tag":0}
{"Level":"Info","Type":"Text","Message":"NASA CACHE GET START: neowatch.webapp.synchroplan::asteroid::3602622","Tag":0}
{"Level":"Info","Type":"Text","Message":"NASA CACHE GET VALUE LENGTH: neowatch.webapp.synchroplan::asteroid::3602622 -> 14441","Tag":0}
{"Level":"Info","Type":"Text","Message":"NASA CACHE HIT: neowatch.webapp.synchroplan::asteroid::3602622","Tag":0}
{"Level":"Info","Type":"Text","Message":"NASA CACHE GET START: neowatch.webapp.synchroplan::asteroid::3602622","Tag":0}
{"Level":"Info","Type":"Text","Message":"NASA CACHE GET VALUE LENGTH: neowatch.webapp.synchroplan::asteroid::3602622 -> 14441","Tag":0}
{"Level":"Info","Type":"Text","Message":"NASA CACHE HIT: neowatch.webapp.synchroplan::asteroid::3602622","Tag":0}
{"Level":"Info","Type":"Text","Message":"NASA CACHE GET START: neowatch.webapp.synchroplan::asteroid::3591595","Tag":0}
{"Level":"Info","Type":"Text","Message":"NASA CACHE GET VALUE LENGTH: neowatch.webapp.synchroplan::asteroid::3591595 -> 0","Tag":0}
{"Level":"Info","Type":"Text","Message":"NASA CACHE MISS: neowatch.webapp.synchroplan::asteroid::3591595","Tag":0}
{"Level":"Info","Type":"Text","Message":"NASA CACHE SET START: neowatch.webapp.synchroplan::asteroid::3591595. Value length: 12836","Tag":0}
{"Level":"Info","Type":"Text","Message":"NASA CACHE SET CHECK: neowatch.webapp.synchroplan::asteroid::3591595. Read back length: 12836","Tag":0}
{"Level":"Info","Type":"Text","Message":"NASA CACHE GET START: neowatch.webapp.synchroplan::feed::2026-05-08::2026-05-14","Tag":0}
{"Level":"Info","Type":"Text","Message":"NASA CACHE GET VALUE LENGTH: neowatch.webapp.synchroplan::feed::2026-05-08::2026-05-14 -> 55385","Tag":0}
{"Level":"Info","Type":"Text","Message":"NASA CACHE HIT: neowatch.webapp.synchroplan::feed::2026-05-08::2026-05-14","Tag":0}
{"Level":"Info","Type":"Text","Message":"NASA CACHE GET START: neowatch.webapp.synchroplan::feed::2026-05-15::2026-05-15","Tag":0}
{"Level":"Info","Type":"Text","Message":"NASA CACHE GET VALUE LENGTH: neowatch.webapp.synchroplan::feed::2026-05-15::2026-05-15 -> 55385","Tag":0}
{"Level":"Info","Type":"Text","Message":"NASA CACHE HIT: neowatch.webapp.synchroplan::feed::2026-05-15::2026-05-15","Tag":0}
{"Level":"Info","Type":"Text","Message":"NASA CACHE GET START: neowatch.webapp.synchroplan::feed::2026-05-08::2026-05-14","Tag":0}
{"Level":"Info","Type":"Text","Message":"NASA CACHE GET VALUE LENGTH: neowatch.webapp.synchroplan::feed::2026-05-08::2026-05-14 -> 55385","Tag":0}
{"Level":"Info","Type":"Text","Message":"NASA CACHE HIT: neowatch.webapp.synchroplan::feed::2026-05-08::2026-05-14","Tag":0}
{"Level":"Info","Type":"Text","Message":"NASA CACHE GET START: neowatch.webapp.synchroplan::feed::2026-05-15::2026-05-15","Tag":0}
{"Level":"Info","Type":"Text","Message":"NASA CACHE GET VALUE LENGTH: neowatch.webapp.synchroplan::feed::2026-05-15::2026-05-15 -> 55385","Tag":0}
{"Level":"Info","Type":"Text","Message":"NASA CACHE HIT: neowatch.webapp.synchroplan::feed::2026-05-15::2026-05-15","Tag":0}
{"Level":"Info","Type":"Text","Message":"NASA CACHE GET START: neowatch.webapp.synchroplan::asteroid::3733939","Tag":0}
{"Level":"Info","Type":"Text","Message":"NASA CACHE GET VALUE LENGTH: neowatch.webapp.synchroplan::asteroid::3733939 -> 5185","Tag":0}
{"Level":"Info","Type":"Text","Message":"NASA CACHE HIT: neowatch.webapp.synchroplan::asteroid::3733939","Tag":0}
{"Level":"Info","Type":"Text","Message":"NASA CACHE GET START: neowatch.webapp.synchroplan::feed::2026-05-08::2026-05-14","Tag":0}
{"Level":"Info","Type":"Text","Message":"NASA CACHE GET VALUE LENGTH: neowatch.webapp.synchroplan::feed::2026-05-08::2026-05-14 -> 55385","Tag":0}
{"Level":"Info","Type":"Text","Message":"NASA CACHE HIT: neowatch.webapp.synchroplan::feed::2026-05-08::2026-05-14","Tag":0}
{"Level":"Info","Type":"Text","Message":"NASA CACHE GET START: neowatch.webapp.synchroplan::feed::2026-05-15::2026-05-15","Tag":0}
{"Level":"Info","Type":"Text","Message":"NASA CACHE GET VALUE LENGTH: neowatch.webapp.synchroplan::feed::2026-05-15::2026-05-15 -> 55385","Tag":0}
{"Level":"Info","Type":"Text","Message":"NASA CACHE HIT: neowatch.webapp.synchroplan::feed::2026-05-15::2026-05-15","Tag":0}
{"Level":"Info","Type":"Text","Message":"NASA CACHE GET START: neowatch.webapp.synchroplan::asteroid::3733939","Tag":0}
{"Level":"Info","Type":"Text","Message":"NASA CACHE GET VALUE LENGTH: neowatch.webapp.synchroplan::asteroid::3733939 -> 5185","Tag":0}
{"Level":"Info","Type":"Text","Message":"NASA CACHE HIT: neowatch.webapp.synchroplan::asteroid::3733939","Tag":0}
{"Level":"Info","Type":"Text","Message":"NASA CACHE GET START: neowatch.webapp.synchroplan::feed::2026-05-08::2026-05-14","Tag":0}
{"Level":"Info","Type":"Text","Message":"NASA CACHE GET VALUE LENGTH: neowatch.webapp.synchroplan::feed::2026-05-08::2026-05-14 -> 55385","Tag":0}
{"Level":"Info","Type":"Text","Message":"NASA CACHE HIT: neowatch.webapp.synchroplan::feed::2026-05-08::2026-05-14","Tag":0}
{"Level":"Info","Type":"Text","Message":"NASA CACHE GET START: neowatch.webapp.synchroplan::feed::2026-05-15::2026-05-15","Tag":0}
{"Level":"Info","Type":"Text","Message":"NASA CACHE GET VALUE LENGTH: neowatch.webapp.synchroplan::feed::2026-05-15::2026-05-15 -> 55385","Tag":0}
{"Level":"Info","Type":"Text","Message":"NASA CACHE HIT: neowatch.webapp.synchroplan::feed::2026-05-15::2026-05-15","Tag":0}
{"Level":"Info","Type":"Text","Message":"NASA CACHE GET START: neowatch.webapp.synchroplan::asteroid::3733939","Tag":0}
{"Level":"Info","Type":"Text","Message":"NASA CACHE GET VALUE LENGTH: neowatch.webapp.synchroplan::asteroid::3733939 -> 5185","Tag":0}
{"Level":"Info","Type":"Text","Message":"NASA CACHE HIT: neowatch.webapp.synchroplan::asteroid::3733939","Tag":0}
{"Level":"Info","Type":"Text","Message":"NASA CACHE GET START: neowatch.webapp.synchroplan::feed::2026-05-08::2026-05-14","Tag":0}
{"Level":"Info","Type":"Text","Message":"NASA CACHE GET VALUE LENGTH: neowatch.webapp.synchroplan::feed::2026-05-08::2026-05-14 -> 55385","Tag":0}
{"Level":"Info","Type":"Text","Message":"NASA CACHE HIT: neowatch.webapp.synchroplan::feed::2026-05-08::2026-05-14","Tag":0}
{"Level":"Info","Type":"Text","Message":"NASA CACHE GET START: neowatch.webapp.synchroplan::feed::2026-05-15::2026-05-15","Tag":0}
{"Level":"Info","Type":"Text","Message":"NASA CACHE GET VALUE LENGTH: neowatch.webapp.synchroplan::feed::2026-05-15::2026-05-15 -> 55385","Tag":0}
{"Level":"Info","Type":"Text","Message":"NASA CACHE HIT: neowatch.webapp.synchroplan::feed::2026-05-15::2026-05-15","Tag":0}
{"Level":"Info","Type":"Text","Message":"NASA CACHE GET START: neowatch.webapp.synchroplan::asteroid::3733939","Tag":0}
{"Level":"Info","Type":"Text","Message":"NASA CACHE GET VALUE LENGTH: neowatch.webapp.synchroplan::asteroid::3733939 -> 5185","Tag":0}
{"Level":"Info","Type":"Text","Message":"NASA CACHE HIT: neowatch.webapp.synchroplan::asteroid::3733939","Tag":0}
{"Level":"Info","Type":"Text","Message":"NASA CACHE GET START: neowatch.webapp.synchroplan::feed::2026-05-08::2026-05-14","Tag":0}
{"Level":"Info","Type":"Text","Message":"NASA CACHE GET VALUE LENGTH: neowatch.webapp.synchroplan::feed::2026-05-08::2026-05-14 -> 55385","Tag":0}
{"Level":"Info","Type":"Text","Message":"NASA CACHE HIT: neowatch.webapp.synchroplan::feed::2026-05-08::2026-05-14","Tag":0}
{"Level":"Info","Type":"Text","Message":"NASA CACHE GET START: neowatch.webapp.synchroplan::feed::2026-05-15::2026-05-15","Tag":0}
{"Level":"Info","Type":"Text","Message":"NASA CACHE GET VALUE LENGTH: neowatch.webapp.synchroplan::feed::2026-05-15::2026-05-15 -> 55385","Tag":0}
{"Level":"Info","Type":"Text","Message":"NASA CACHE HIT: neowatch.webapp.synchroplan::feed::2026-05-15::2026-05-15","Tag":0}
{"Level":"Info","Type":"Text","Message":"NASA CACHE GET START: neowatch.webapp.synchroplan::asteroid::3733939","Tag":0}
{"Level":"Info","Type":"Text","Message":"NASA CACHE GET VALUE LENGTH: neowatch.webapp.synchroplan::asteroid::3733939 -> 5185","Tag":0}
{"Level":"Info","Type":"Text","Message":"NASA CACHE HIT: neowatch.webapp.synchroplan::asteroid::3733939","Tag":0}
{"Level":"Info","Type":"Text","Message":"NASA CACHE GET START: neowatch.webapp.synchroplan::feed::2026-05-08::2026-05-14","Tag":0}
{"Level":"Info","Type":"Text","Message":"NASA CACHE GET VALUE LENGTH: neowatch.webapp.synchroplan::feed::2026-05-08::2026-05-14 -> 55385","Tag":0}
{"Level":"Info","Type":"Text","Message":"NASA CACHE HIT: neowatch.webapp.synchroplan::feed::2026-05-08::2026-05-14","Tag":0}
{"Level":"Info","Type":"Text","Message":"NASA CACHE GET START: neowatch.webapp.synchroplan::feed::2026-05-15::2026-05-15","Tag":0}
{"Level":"Info","Type":"Text","Message":"NASA CACHE GET VALUE LENGTH: neowatch.webapp.synchroplan::feed::2026-05-15::2026-05-15 -> 55385","Tag":0}
{"Level":"Info","Type":"Text","Message":"NASA CACHE HIT: neowatch.webapp.synchroplan::feed::2026-05-15::2026-05-15","Tag":0}
{"Level":"Info","Type":"Text","Message":"NASA CACHE GET START: neowatch.webapp.synchroplan::asteroid::3733939","Tag":0}
{"Level":"Info","Type":"Text","Message":"NASA CACHE GET VALUE LENGTH: neowatch.webapp.synchroplan::asteroid::3733939 -> 5185","Tag":0}
{"Level":"Info","Type":"Text","Message":"NASA CACHE HIT: neowatch.webapp.synchroplan::asteroid::3733939","Tag":0}
